adm0_name,adm1_id,adm1_name,date,cum_confirmed_cases,cum_confirmed_cases_original,cum_confirmed_cases_imputed,population,cum_hospitalized,event_cancel,event_cancel_popwt,home_isolation,home_isolation_popwt,no_gathering_popwt,no_gathering_inside,no_gathering_inside_popwt,social_distance,social_distance_popwt,social_distance_opt,business_closure,no_gathering,testing_regime,no_gathering_size,school_closure,school_closure_popwt
FRA,11,IledeFrance,2020-02-15,5,5,5,12278210,,0,0,0,0,0,0,0,0,0,0,0,0,0,99999,0,0
FRA,11,IledeFrance,2020-02-16,6,5,5,12278210,,0,0,0,0,0,0,0,0,0,0,0,0,0,99999,0,0
FRA,11,IledeFrance,2020-02-17,7,5,5,12278210,,0,0,0,0,0,0,0,0,0,0,0,0,0,99999,0,0
FRA,11,IledeFrance,2020-02-18,7,5,5,12278210,,0,0,0,0,0,0,0,0,0,0,0,0,0,99999,0,0
FRA,11,IledeFrance,2020-02-19,9,5,5,12278210,,0,0,0,0,0,0,0,0,0,0,0,0,0,99999,0,0
FRA,11,IledeFrance,2020-02-20,10,5,5,12278210,,0,0,0,0,0,0,0,0,0,0,0,0,0,99999,0,0
FRA,11,IledeFrance,2020-02-21,11,5,5,12278210,,0,0,0,0,0,0,0,0,0,0,0,0,0,99999,0,0
FRA,11,IledeFrance,2020-02-22,13,5,5,12278210,,0,0,0,0,0,0,0,0,0,0,0,0,0,99999,0,0
FRA,11,IledeFrance,2020-02-23,15,5,5,12278210,,0,0,0,0,0,0,0,0,0,0,0,0,0,99999,0,0
FRA,11,IledeFrance,2020-02-24,17,5,5,12278210,0,0,0,0,0,0,0,0,0,0,0,0,0,0,99999,0,0
FRA,11,IledeFrance,2020-02-25,19,6,6,12278210,0,0,0,0,0,0,0,0,0,0,0,0,0,0,99999,0,0
FRA,11,IledeFrance,2020-02-26,22,6,6,12278210,0,0,0,0,0,0,0,0,0,0,0,0,0,0,99999,0,0
FRA,11,IledeFrance,2020-02-27,25,9,9,12278210,0,0,0,0,0,0,0,0,0,0,0,0,0,0,99999,0,0
FRA,11,IledeFrance,2020-02-28,29,9,9,12278210,0,0,0,0,0,0,0,0,0,0,0,0,0,0,99999,0,0
FRA,11,IledeFrance,2020-02-29,33,,14,12278210,1,0,0,0,0,0,0,0,0,0,0,0,1,0,5000,0,0
FRA,11,IledeFrance,2020-03-01,38,,20,12278210,1,0,0,0,0,0,0,0,0,0,0,0,1,0,5000,0,0
FRA,11,IledeFrance,2020-03-02,43,34,34,12278210,6,0,0,0,0,0,0,0,0,0,0,0,1,0,5000,0,0
FRA,11,IledeFrance,2020-03-03,50,37,37,12278210,12,0,0,0,0,0,0,0,0,0,0,0,1,0,5000,0,0
FRA,11,IledeFrance,2020-03-04,57,55,55,12278210,23,0,0,0,0,0,0,0,0,0,0,0,1,0,5000,0,0
FRA,11,IledeFrance,2020-03-05,65,76,76,12278210,37,0,0,0,0,0,0,0,0,0,0,0,1,0,5000,0,0
FRA,11,IledeFrance,2020-03-06,75,89,89,12278210,59,0,0,0,0,0,0,0,0,0,0,0,1,0,5000,1,.1360254
FRA,11,IledeFrance,2020-03-07,85,104,104,12278210,76,0,0,0,0,0,0,0,0,0,0,0,1,0,5000,1,.2376978
FRA,11,IledeFrance,2020-03-08,98,243,243,12278210,95,0,0,0,0,0,0,0,0,0,0,0,1,0,1000,1,.3451565
FRA,11,IledeFrance,2020-03-09,112,300,300,12278210,143,0,0,0,0,0,0,0,0,0,0,0,1,0,1000,1,.638106
FRA,11,IledeFrance,2020-03-10,128,334,334,12278210,195,0,0,0,0,0,0,0,0,0,0,0,1,0,1000,1,.638106
FRA,11,IledeFrance,2020-03-11,147,492,492,12278210,250,0,0,0,0,0,0,0,.5,.5,0,0,1,0,1000,1,.638106
FRA,11,IledeFrance,2020-03-12,168,577,577,12278210,338,0,0,0,0,0,0,0,.5,.5,0,0,1,0,1000,1,.638106
FRA,11,IledeFrance,2020-03-13,192,721,721,12278210,439,0,0,0,0,0,0,0,1,.6464747712,0,0,1,0,100,1,.638106
FRA,11,IledeFrance,2020-03-14,220,949,949,12278210,526,0,0,0,0,0,0,0,1,.6464747712,0,0,1,0,100,1,.638106
FRA,11,IledeFrance,2020-03-15,252,1209,1209,12278210,628,0,0,0,0,0,0,0,1,.6464747712,0,1,1,1,100,1,.638106
FRA,11,IledeFrance,2020-03-16,288,1762,1762,12278210,762,0,0,0,0,0,0,0,1,.6464747712,0,1,1,1,100,1,1
FRA,11,IledeFrance,2020-03-17,330,2177,2177,12278210,942,1,1,.33000001,.3300000131,0,1,1,1,1,0,1,1,1,2,1,1
FRA,11,IledeFrance,2020-03-18,378,2693,2693,12278210,1124,1,1,.33000001,.3300000131,0,1,1,1,1,0,1,1,1,2,1,1
FRA,11,IledeFrance,2020-03-19,432,3384,3384,12278210,1395,1,1,.33000001,.3300000131,0,1,1,1,1,0,1,1,1,2,1,1
FRA,11,IledeFrance,2020-03-20,495,3818,3818,12278210,1696,1,1,.33000001,.3300000131,0,1,1,1,1,0,1,1,1,2,1,1
FRA,11,IledeFrance,2020-03-21,566,4695,4695,12278210,1984,1,1,.33000001,.3300000131,0,1,1,1,1,0,1,1,1,2,1,1
FRA,11,IledeFrance,2020-03-22,648,5283,5283,12278210,2295,1,1,.33000001,.3300000131,0,1,1,1,1,0,1,1,1,2,1,1
FRA,11,IledeFrance,2020-03-23,742,6211,6211,12278210,2757,1,1,1,1,0,1,1,1,1,0,1,1,1,2,1,1
FRA,11,IledeFrance,2020-03-24,850,6798,6798,12278210,3304,1,1,1,1,0,1,1,1,1,0,1,1,1,2,1,1
FRA,11,IledeFrance,2020-03-25,973,7660,7660,12278210,3876,1,1,1,1,0,1,1,1,1,0,1,1,1,2,1,1
FRA,11,IledeFrance,2020-03-26,,,,12278210,4460,1,1,1,1,0,1,1,1,1,0,1,1,1,2,1,1
FRA,11,IledeFrance,2020-03-27,,,,12278210,5174,1,1,1,1,0,1,1,1,1,0,1,1,1,2,1,1
FRA,11,IledeFrance,2020-03-28,,,,12278210,5717,1,1,1,1,0,1,1,1,1,0,1,1,1,2,1,1
FRA,11,IledeFrance,2020-03-29,,,,12278210,6182,1,1,1,1,0,1,1,1,1,0,1,1,1,2,1,1
FRA,11,IledeFrance,2020-03-30,,,,12278210,6895,1,1,1,1,0,1,1,1,1,0,1,1,1,2,1,1
FRA,11,IledeFrance,2020-03-31,,,,12278210,7487,1,1,1,1,0,1,1,1,1,0,1,1,1,2,1,1
FRA,11,IledeFrance,2020-04-01,,,,12278210,7981,1,1,1,1,0,1,1,1,1,0,1,1,1,2,1,1
FRA,11,IledeFrance,2020-04-02,,,,12278210,8508,1,1,1,1,0,1,1,1,1,0,1,1,1,2,1,1
FRA,11,IledeFrance,2020-04-03,,,,12278210,8972,1,1,1,1,0,1,1,1,1,0,1,1,1,2,1,1
FRA,11,IledeFrance,2020-04-04,,,,12278210,9337,1,1,1,1,0,1,1,1,1,0,1,1,1,2,1,1
FRA,11,IledeFrance,2020-04-05,,,,12278210,9630,1,1,1,1,0,1,1,1,1,0,1,1,1,2,1,1
FRA,11,IledeFrance,2020-04-06,,,,12278210,10012,1,1,1,1,0,1,1,1,1,0,1,1,1,2,1,1
FRA,24,Centre,2020-02-15,0,0,0,2559073,,0,0,0,0,0,0,0,0,0,0,0,0,0,99999,0,0
FRA,24,Centre,2020-02-16,0,0,0,2559073,,0,0,0,0,0,0,0,0,0,0,0,0,0,99999,0,0
FRA,24,Centre,2020-02-17,0,0,0,2559073,,0,0,0,0,0,0,0,0,0,0,0,0,0,99999,0,0
FRA,24,Centre,2020-02-18,0,0,0,2559073,,0,0,0,0,0,0,0,0,0,0,0,0,0,99999,0,0
FRA,24,Centre,2020-02-19,0,0,0,2559073,,0,0,0,0,0,0,0,0,0,0,0,0,0,99999,0,0
FRA,24,Centre,2020-02-20,0,0,0,2559073,,0,0,0,0,0,0,0,0,0,0,0,0,0,99999,0,0
FRA,24,Centre,2020-02-21,0,0,0,2559073,,0,0,0,0,0,0,0,0,0,0,0,0,0,99999,0,0
FRA,24,Centre,2020-02-22,0,0,0,2559073,,0,0,0,0,0,0,0,0,0,0,0,0,0,99999,0,0
FRA,24,Centre,2020-02-23,0,0,0,2559073,,0,0,0,0,0,0,0,0,0,0,0,0,0,99999,0,0
FRA,24,Centre,2020-02-24,0,0,0,2559073,0,0,0,0,0,0,0,0,0,0,0,0,0,0,99999,0,0
FRA,24,Centre,2020-02-25,0,0,0,2559073,0,0,0,0,0,0,0,0,0,0,0,0,0,0,99999,0,0
FRA,24,Centre,2020-02-26,0,0,0,2559073,0,0,0,0,0,0,0,0,0,0,0,0,0,0,99999,0,0
FRA,24,Centre,2020-02-27,0,0,0,2559073,0,0,0,0,0,0,0,0,0,0,0,0,0,0,99999,0,0
FRA,24,Centre,2020-02-28,0,0,0,2559073,0,0,0,0,0,0,0,0,0,0,0,0,0,0,99999,0,0
FRA,24,Centre,2020-02-29,,,0,2559073,0,0,0,0,0,0,0,0,0,0,0,0,1,0,5000,0,0
FRA,24,Centre,2020-03-01,,,0,2559073,0,0,0,0,0,0,0,0,0,0,0,0,1,0,5000,0,0
FRA,24,Centre,2020-03-02,0,0,0,2559073,0,0,0,0,0,0,0,0,0,0,0,0,1,0,5000,0,0
FRA,24,Centre,2020-03-03,0,0,0,2559073,0,0,0,0,0,0,0,0,0,0,0,0,1,0,5000,0,0
FRA,24,Centre,2020-03-04,0,0,0,2559073,0,0,0,0,0,0,0,0,0,0,0,0,1,0,5000,0,0
FRA,24,Centre,2020-03-05,2,2,2,2559073,0,0,0,0,0,0,0,0,0,0,0,0,1,0,5000,1,.2668505
FRA,24,Centre,2020-03-06,2,11,11,2559073,0,0,0,0,0,0,0,0,0,0,0,0,1,0,5000,1,.2668505
FRA,24,Centre,2020-03-07,3,16,16,2559073,0,0,0,0,0,0,0,0,0,0,0,0,1,0,5000,1,.2668505
FRA,24,Centre,2020-03-08,4,16,16,2559073,1,0,0,0,0,0,0,0,0,0,0,0,1,0,1000,1,.2668505
FRA,24,Centre,2020-03-09,4,17,17,2559073,2,0,0,0,0,0,0,0,0,0,0,0,1,0,1000,1,.2668505
FRA,24,Centre,2020-03-10,5,18,18,2559073,3,0,0,0,0,0,0,0,0,0,0,0,1,0,1000,1,.3949575
FRA,24,Centre,2020-03-11,7,20,20,2559073,3,0,0,0,0,0,0,0,.5,.5,0,0,1,0,1000,1,.3949575
FRA,24,Centre,2020-03-12,8,30,30,2559073,4,0,0,0,0,0,0,0,.5,.5,0,0,1,0,1000,1,.5107822
FRA,24,Centre,2020-03-13,10,33,33,2559073,5,0,0,0,0,0,0,0,.5,.5,0,0,1,0,100,1,.5107822
FRA,24,Centre,2020-03-14,12,54,54,2559073,7,0,0,0,0,0,0,0,.5,.5,0,0,1,0,100,1,.5107822
FRA,24,Centre,2020-03-15,14,71,71,2559073,12,0,0,0,0,0,0,0,.5,.5,0,1,1,1,100,1,.5107822
FRA,24,Centre,2020-03-16,17,90,90,2559073,18,0,0,0,0,0,0,0,.5,.5,0,1,1,1,100,1,1
FRA,24,Centre,2020-03-17,21,103,103,2559073,28,1,1,.33000001,.3300000131,0,1,1,1,1,0,1,1,1,2,1,1
FRA,24,Centre,2020-03-18,26,128,128,2559073,33,1,1,.33000001,.3300000131,0,1,1,1,1,0,1,1,1,2,1,1
FRA,24,Centre,2020-03-19,31,157,157,2559073,46,1,1,.33000001,.3300000131,0,1,1,1,1,0,1,1,1,2,1,1
FRA,24,Centre,2020-03-20,38,219,219,2559073,62,1,1,.33000001,.3300000131,0,1,1,1,1,0,1,1,1,2,1,1
FRA,24,Centre,2020-03-21,46,254,254,2559073,79,1,1,.33000001,.3300000131,0,1,1,1,1,0,1,1,1,2,1,1
FRA,24,Centre,2020-03-22,56,291,291,2559073,92,1,1,.33000001,.3300000131,0,1,1,1,1,0,1,1,1,2,1,1
FRA,24,Centre,2020-03-23,69,361,361,2559073,114,1,1,1,1,0,1,1,1,1,0,1,1,1,2,1,1
FRA,24,Centre,2020-03-24,459,450,450,2559073,128,1,1,1,1,0,1,1,1,1,0,1,1,1,2,1,1
FRA,24,Centre,2020-03-25,102,561,561,2559073,141,1,1,1,1,0,1,1,1,1,0,1,1,1,2,1,1
FRA,24,Centre,2020-03-26,,,,2559073,158,1,1,1,1,0,1,1,1,1,0,1,1,1,2,1,1
FRA,24,Centre,2020-03-27,,,,2559073,201,1,1,1,1,0,1,1,1,1,0,1,1,1,2,1,1
FRA,24,Centre,2020-03-28,,,,2559073,234,1,1,1,1,0,1,1,1,1,0,1,1,1,2,1,1
FRA,24,Centre,2020-03-29,,,,2559073,266,1,1,1,1,0,1,1,1,1,0,1,1,1,2,1,1
FRA,24,Centre,2020-03-30,,,,2559073,314,1,1,1,1,0,1,1,1,1,0,1,1,1,2,1,1
FRA,24,Centre,2020-03-31,,,,2559073,357,1,1,1,1,0,1,1,1,1,0,1,1,1,2,1,1
FRA,24,Centre,2020-04-01,,,,2559073,393,1,1,1,1,0,1,1,1,1,0,1,1,1,2,1,1
FRA,24,Centre,2020-04-02,,,,2559073,426,1,1,1,1,0,1,1,1,1,0,1,1,1,2,1,1
FRA,24,Centre,2020-04-03,,,,2559073,465,1,1,1,1,0,1,1,1,1,0,1,1,1,2,1,1
FRA,24,Centre,2020-04-04,,,,2559073,482,1,1,1,1,0,1,1,1,1,0,1,1,1,2,1,1
FRA,24,Centre,2020-04-05,,,,2559073,498,1,1,1,1,0,1,1,1,1,0,1,1,1,2,1,1
FRA,24,Centre,2020-04-06,,,,2559073,523,1,1,1,1,0,1,1,1,1,0,1,1,1,2,1,1
FRA,27,BourgogneFrancheComté,2020-02-15,0,0,0,2783039,,0,0,0,0,0,0,0,0,0,0,0,0,0,99999,0,0
FRA,27,BourgogneFrancheComté,2020-02-16,0,0,0,2783039,,0,0,0,0,0,0,0,0,0,0,0,0,0,99999,0,0
FRA,27,BourgogneFrancheComté,2020-02-17,0,0,0,2783039,,0,0,0,0,0,0,0,0,0,0,0,0,0,99999,0,0
FRA,27,BourgogneFrancheComté,2020-02-18,0,0,0,2783039,,0,0,0,0,0,0,0,0,0,0,0,0,0,99999,0,0
FRA,27,BourgogneFrancheComté,2020-02-19,0,0,0,2783039,,0,0,0,0,0,0,0,0,0,0,0,0,0,99999,0,0
FRA,27,BourgogneFrancheComté,2020-02-20,0,0,0,2783039,,0,0,0,0,0,0,0,0,0,0,0,0,0,99999,0,0
FRA,27,BourgogneFrancheComté,2020-02-21,0,0,0,2783039,,0,0,0,0,0,0,0,0,0,0,0,0,0,99999,0,0
FRA,27,BourgogneFrancheComté,2020-02-22,0,0,0,2783039,,0,0,0,0,0,0,0,0,0,0,0,0,0,99999,0,0
FRA,27,BourgogneFrancheComté,2020-02-23,0,0,0,2783039,,0,0,0,0,0,0,0,0,0,0,0,0,0,99999,0,0
FRA,27,BourgogneFrancheComté,2020-02-24,0,0,0,2783039,0,0,0,0,0,0,0,0,0,0,0,0,0,0,99999,0,0
FRA,27,BourgogneFrancheComté,2020-02-25,0,0,0,2783039,0,0,0,0,0,0,0,0,0,0,0,0,0,0,99999,0,0
FRA,27,BourgogneFrancheComté,2020-02-26,0,0,0,2783039,0,0,0,0,0,0,0,0,0,0,0,0,0,0,99999,0,0
FRA,27,BourgogneFrancheComté,2020-02-27,4,4,4,2783039,0,0,0,0,0,0,0,0,0,0,0,0,0,0,99999,0,0
FRA,27,BourgogneFrancheComté,2020-02-28,5,5,5,2783039,0,0,0,0,0,0,0,0,0,0,0,0,0,0,99999,0,0
FRA,27,BourgogneFrancheComté,2020-02-29,5,,6,2783039,0,0,0,0,0,0,0,0,0,0,0,0,1,0,5000,0,0
FRA,27,BourgogneFrancheComté,2020-03-01,6,,8,2783039,7,0,0,0,0,0,0,0,0,0,0,0,1,0,5000,0,0
FRA,27,BourgogneFrancheComté,2020-03-02,7,8,8,2783039,20,0,0,0,0,0,0,0,0,0,0,0,1,0,5000,0,0
FRA,27,BourgogneFrancheComté,2020-03-03,8,13,13,2783039,30,0,0,0,0,0,0,0,0,0,0,0,1,0,5000,0,0
FRA,27,BourgogneFrancheComté,2020-03-04,10,16,16,2783039,40,0,0,0,0,0,0,0,0,0,0,0,1,0,5000,0,0
FRA,27,BourgogneFrancheComté,2020-03-05,11,39,39,2783039,52,0,0,0,0,0,0,0,0,0,0,0,1,0,5000,0,0
FRA,27,BourgogneFrancheComté,2020-03-06,13,78,78,2783039,65,0,0,0,0,0,0,0,0,0,0,0,1,0,5000,0,0
FRA,27,BourgogneFrancheComté,2020-03-07,15,129,129,2783039,80,0,0,0,0,0,0,0,0,0,0,0,1,0,5000,0,0
FRA,27,BourgogneFrancheComté,2020-03-08,18,112,112,2783039,100,0,0,0,0,0,0,0,0,0,0,0,1,0,1000,0,0
FRA,27,BourgogneFrancheComté,2020-03-09,20,119,119,2783039,113,0,0,0,0,0,0,0,0,0,0,0,1,0,1000,0,0
FRA,27,BourgogneFrancheComté,2020-03-10,147,146,146,2783039,141,0,0,0,0,0,0,0,0,0,0,0,1,0,1000,0,0
FRA,27,BourgogneFrancheComté,2020-03-11,28,155,155,2783039,157,0,0,0,0,0,0,0,.5,.5,0,0,1,0,1000,0,0
FRA,27,BourgogneFrancheComté,2020-03-12,32,219,219,2783039,191,0,0,0,0,0,0,0,.5,.5,0,0,1,0,1000,0,0
FRA,27,BourgogneFrancheComté,2020-03-13,37,272,272,2783039,235,0,0,0,0,0,0,0,.5,.5,0,0,1,0,100,0,0
FRA,27,BourgogneFrancheComté,2020-03-14,43,339,339,2783039,264,0,0,0,0,0,0,0,.5,.5,0,0,1,0,100,0,0
FRA,27,BourgogneFrancheComté,2020-03-15,50,412,412,2783039,292,0,0,0,0,0,0,0,.5,.5,0,1,1,1,100,0,0
FRA,27,BourgogneFrancheComté,2020-03-16,58,507,507,2783039,330,0,0,0,0,0,0,0,.5,.5,0,1,1,1,100,1,1
FRA,27,BourgogneFrancheComté,2020-03-17,67,549,549,2783039,384,1,1,.33000001,.3300000131,0,1,1,1,1,0,1,1,1,2,1,1
FRA,27,BourgogneFrancheComté,2020-03-18,78,593,593,2783039,449,1,1,.33000001,.3300000131,0,1,1,1,1,0,1,1,1,2,1,1
FRA,27,BourgogneFrancheComté,2020-03-19,90,696,696,2783039,515,1,1,.33000001,.3300000131,0,1,1,1,1,0,1,1,1,2,1,1
FRA,27,BourgogneFrancheComté,2020-03-20,105,770,770,2783039,612,1,1,.33000001,.3300000131,0,1,1,1,1,0,1,1,1,2,1,1
FRA,27,BourgogneFrancheComté,2020-03-21,121,903,903,2783039,681,1,1,.33000001,.3300000131,0,1,1,1,1,0,1,1,1,2,1,1
FRA,27,BourgogneFrancheComté,2020-03-22,141,1178,1178,2783039,762,1,1,.33000001,.3300000131,0,1,1,1,1,0,1,1,1,2,1,1
FRA,27,BourgogneFrancheComté,2020-03-23,163,1347,1347,2783039,893,1,1,1,1,0,1,1,1,1,0,1,1,1,2,1,1
FRA,27,BourgogneFrancheComté,2020-03-24,190,1510,1510,2783039,1002,1,1,1,1,0,1,1,1,1,0,1,1,1,2,1,1
FRA,27,BourgogneFrancheComté,2020-03-25,220,1569,1569,2783039,1115,1,1,1,1,0,1,1,1,1,0,1,1,1,2,1,1
FRA,27,BourgogneFrancheComté,2020-03-26,,,,2783039,1234,1,1,1,1,0,1,1,1,1,0,1,1,1,2,1,1
FRA,27,BourgogneFrancheComté,2020-03-27,,,,2783039,1414,1,1,1,1,0,1,1,1,1,0,1,1,1,2,1,1
FRA,27,BourgogneFrancheComté,2020-03-28,,,,2783039,1543,1,1,1,1,0,1,1,1,1,0,1,1,1,2,1,1
FRA,27,BourgogneFrancheComté,2020-03-29,,,,2783039,1628,1,1,1,1,0,1,1,1,1,0,1,1,1,2,1,1
FRA,27,BourgogneFrancheComté,2020-03-30,,,,2783039,1754,1,1,1,1,0,1,1,1,1,0,1,1,1,2,1,1
FRA,27,BourgogneFrancheComté,2020-03-31,,,,2783039,1872,1,1,1,1,0,1,1,1,1,0,1,1,1,2,1,1
FRA,27,BourgogneFrancheComté,2020-04-01,,,,2783039,1965,1,1,1,1,0,1,1,1,1,0,1,1,1,2,1,1
FRA,27,BourgogneFrancheComté,2020-04-02,,,,2783039,2056,1,1,1,1,0,1,1,1,1,0,1,1,1,2,1,1
FRA,27,BourgogneFrancheComté,2020-04-03,,,,2783039,2180,1,1,1,1,0,1,1,1,1,0,1,1,1,2,1,1
FRA,27,BourgogneFrancheComté,2020-04-04,,,,2783039,2268,1,1,1,1,0,1,1,1,1,0,1,1,1,2,1,1
FRA,27,BourgogneFrancheComté,2020-04-05,,,,2783039,2341,1,1,1,1,0,1,1,1,1,0,1,1,1,2,1,1
FRA,27,BourgogneFrancheComté,2020-04-06,,,,2783039,2420,1,1,1,1,0,1,1,1,1,0,1,1,1,2,1,1
FRA,28,Normandie,2020-02-15,0,0,0,3303500,,0,0,0,0,0,0,0,0,0,0,0,0,0,99999,0,0
FRA,28,Normandie,2020-02-16,0,0,0,3303500,,0,0,0,0,0,0,0,0,0,0,0,0,0,99999,0,0
FRA,28,Normandie,2020-02-17,0,0,0,3303500,,0,0,0,0,0,0,0,0,0,0,0,0,0,99999,0,0
FRA,28,Normandie,2020-02-18,0,0,0,3303500,,0,0,0,0,0,0,0,0,0,0,0,0,0,99999,0,0
FRA,28,Normandie,2020-02-19,0,0,0,3303500,,0,0,0,0,0,0,0,0,0,0,0,0,0,99999,0,0
FRA,28,Normandie,2020-02-20,0,0,0,3303500,,0,0,0,0,0,0,0,0,0,0,0,0,0,99999,0,0
FRA,28,Normandie,2020-02-21,0,0,0,3303500,,0,0,0,0,0,0,0,0,0,0,0,0,0,99999,0,0
FRA,28,Normandie,2020-02-22,0,0,0,3303500,,0,0,0,0,0,0,0,0,0,0,0,0,0,99999,0,0
FRA,28,Normandie,2020-02-23,0,0,0,3303500,,0,0,0,0,0,0,0,0,0,0,0,0,0,99999,0,0
FRA,28,Normandie,2020-02-24,0,0,0,3303500,0,0,0,0,0,0,0,0,0,0,0,0,0,0,99999,0,0
FRA,28,Normandie,2020-02-25,0,0,0,3303500,0,0,0,0,0,0,0,0,0,0,0,0,0,0,99999,0,0
FRA,28,Normandie,2020-02-26,0,0,0,3303500,0,0,0,0,0,0,0,0,0,0,0,0,0,0,99999,0,0
FRA,28,Normandie,2020-02-27,0,0,0,3303500,0,0,0,0,0,0,0,0,0,0,0,0,0,0,99999,0,0
FRA,28,Normandie,2020-02-28,0,0,0,3303500,1,0,0,0,0,0,0,0,0,0,0,0,0,0,99999,0,0
FRA,28,Normandie,2020-02-29,,,0,3303500,1,0,0,0,0,0,0,0,0,0,0,0,1,0,5000,0,0
FRA,28,Normandie,2020-03-01,,,0,3303500,1,0,0,0,0,0,0,0,0,0,0,0,1,0,5000,0,0
FRA,28,Normandie,2020-03-02,2,2,2,3303500,2,0,0,0,0,0,0,0,0,0,0,0,1,0,5000,0,0
FRA,28,Normandie,2020-03-03,2,2,2,3303500,2,0,0,0,0,0,0,0,0,0,0,0,1,0,5000,0,0
FRA,28,Normandie,2020-03-04,3,2,2,3303500,3,0,0,0,0,0,0,0,0,0,0,0,1,0,5000,0,0
FRA,28,Normandie,2020-03-05,3,6,6,3303500,7,0,0,0,0,0,0,0,0,0,0,0,1,0,5000,0,0
FRA,28,Normandie,2020-03-06,4,11,11,3303500,7,0,0,0,0,0,0,0,0,0,0,0,1,0,5000,0,0
FRA,28,Normandie,2020-03-07,5,11,11,3303500,9,0,0,0,0,0,0,0,0,0,0,0,1,0,5000,0,0
FRA,28,Normandie,2020-03-08,6,22,22,3303500,10,0,0,0,0,0,0,0,0,0,0,0,1,0,1000,0,0
FRA,28,Normandie,2020-03-09,7,25,25,3303500,11,0,0,0,0,0,1,.2093092175,.5,.1046546087,0,0,1,0,1000,1,.2093092
FRA,28,Normandie,2020-03-10,8,37,37,3303500,12,0,0,0,0,0,1,.2093092175,.5,.1046546087,0,0,1,0,1000,1,.2093092
FRA,28,Normandie,2020-03-11,10,54,54,3303500,14,0,0,0,0,0,1,.2093092175,1,.6046546087,0,0,1,0,1000,1,.2093092
FRA,28,Normandie,2020-03-12,12,68,68,3303500,16,0,0,0,0,0,1,.2093092175,1,.6046546087,0,0,1,0,1000,1,.2093092
FRA,28,Normandie,2020-03-13,14,97,97,3303500,25,0,0,0,0,0,1,.2093092175,1,.6046546087,0,0,1,0,100,1,.2093092
FRA,28,Normandie,2020-03-14,16,127,127,3303500,29,0,0,0,0,0,1,.2093092175,1,.6046546087,0,0,1,0,100,1,.2093092
FRA,28,Normandie,2020-03-15,19,143,143,3303500,33,0,0,0,0,0,1,.2093092175,1,.6046546087,0,1,1,1,100,1,.2093092
FRA,28,Normandie,2020-03-16,23,156,156,3303500,36,0,0,0,0,0,1,.2093092175,1,.6046546087,0,1,1,1,100,1,1
FRA,28,Normandie,2020-03-17,28,174,174,3303500,44,1,1,.33000001,.3300000131,0,1,1,1,1,0,1,1,1,2,1,1
FRA,28,Normandie,2020-03-18,195,208,208,3303500,59,1,1,.33000001,.3300000131,0,1,1,1,1,0,1,1,1,2,1,1
FRA,28,Normandie,2020-03-19,39,241,241,3303500,68,1,1,.33000001,.3300000131,0,1,1,1,1,0,1,1,1,2,1,1
FRA,28,Normandie,2020-03-20,47,287,287,3303500,80,1,1,.33000001,.3300000131,0,1,1,1,1,0,1,1,1,2,1,1
FRA,28,Normandie,2020-03-21,56,345,345,3303500,107,1,1,.33000001,.3300000131,0,1,1,1,1,0,1,1,1,2,1,1
FRA,28,Normandie,2020-03-22,66,462,462,3303500,122,1,1,.33000001,.3300000131,0,1,1,1,1,0,1,1,1,2,1,1
FRA,28,Normandie,2020-03-23,79,511,511,3303500,158,1,1,1,1,0,1,1,1,1,0,1,1,1,2,1,1
FRA,28,Normandie,2020-03-24,94,586,586,3303500,193,1,1,1,1,0,1,1,1,1,0,1,1,1,2,1,1
FRA,28,Normandie,2020-03-25,112,688,688,3303500,226,1,1,1,1,0,1,1,1,1,0,1,1,1,2,1,1
FRA,28,Normandie,2020-03-26,,,,3303500,278,1,1,1,1,0,1,1,1,1,0,1,1,1,2,1,1
FRA,28,Normandie,2020-03-27,,,,3303500,315,1,1,1,1,0,1,1,1,1,0,1,1,1,2,1,1
FRA,28,Normandie,2020-03-28,,,,3303500,356,1,1,1,1,0,1,1,1,1,0,1,1,1,2,1,1
FRA,28,Normandie,2020-03-29,,,,3303500,392,1,1,1,1,0,1,1,1,1,0,1,1,1,2,1,1
FRA,28,Normandie,2020-03-30,,,,3303500,434,1,1,1,1,0,1,1,1,1,0,1,1,1,2,1,1
FRA,28,Normandie,2020-03-31,,,,3303500,480,1,1,1,1,0,1,1,1,1,0,1,1,1,2,1,1
FRA,28,Normandie,2020-04-01,,,,3303500,523,1,1,1,1,0,1,1,1,1,0,1,1,1,2,1,1
FRA,28,Normandie,2020-04-02,,,,3303500,564,1,1,1,1,0,1,1,1,1,0,1,1,1,2,1,1
FRA,28,Normandie,2020-04-03,,,,3303500,607,1,1,1,1,0,1,1,1,1,0,1,1,1,2,1,1
FRA,28,Normandie,2020-04-04,,,,3303500,628,1,1,1,1,0,1,1,1,1,0,1,1,1,2,1,1
FRA,28,Normandie,2020-04-05,,,,3303500,657,1,1,1,1,0,1,1,1,1,0,1,1,1,2,1,1
FRA,28,Normandie,2020-04-06,,,,3303500,672,1,1,1,1,0,1,1,1,1,0,1,1,1,2,1,1
FRA,32,HautsdeFrance,2020-02-15,0,0,0,5962662,,0,0,0,0,0,0,0,0,0,0,0,0,0,99999,0,0
FRA,32,HautsdeFrance,2020-02-16,0,0,0,5962662,,0,0,0,0,0,0,0,0,0,0,0,0,0,99999,0,0
FRA,32,HautsdeFrance,2020-02-17,0,0,0,5962662,,0,0,0,0,0,0,0,0,0,0,0,0,0,99999,0,0
FRA,32,HautsdeFrance,2020-02-18,0,0,0,5962662,,0,0,0,0,0,0,0,0,0,0,0,0,0,99999,0,0
FRA,32,HautsdeFrance,2020-02-19,0,0,0,5962662,,0,0,0,0,0,0,0,0,0,0,0,0,0,99999,0,0
FRA,32,HautsdeFrance,2020-02-20,0,0,0,5962662,,0,0,0,0,0,0,0,0,0,0,0,0,0,99999,0,0
FRA,32,HautsdeFrance,2020-02-21,0,0,0,5962662,,0,0,0,0,0,0,0,0,0,0,0,0,0,99999,0,0
FRA,32,HautsdeFrance,2020-02-22,0,0,0,5962662,,0,0,0,0,0,0,0,0,0,0,0,0,0,99999,0,0
FRA,32,HautsdeFrance,2020-02-23,0,0,0,5962662,,0,0,0,0,0,0,0,0,0,0,0,0,0,99999,0,0
FRA,32,HautsdeFrance,2020-02-24,0,0,0,5962662,0,0,0,0,0,0,0,0,0,0,0,0,0,0,99999,0,0
FRA,32,HautsdeFrance,2020-02-25,0,0,0,5962662,0,0,0,0,0,0,0,0,0,0,0,0,0,0,99999,0,0
FRA,32,HautsdeFrance,2020-02-26,2,2,2,5962662,0,0,0,0,0,0,0,0,0,0,0,0,0,0,99999,0,0
FRA,32,HautsdeFrance,2020-02-27,2,9,9,5962662,0,0,0,0,0,0,0,0,0,0,0,0,0,0,99999,0,0
FRA,32,HautsdeFrance,2020-02-28,3,9,9,5962662,0,0,0,0,0,0,0,0,0,0,0,0,0,0,99999,0,0
FRA,32,HautsdeFrance,2020-02-29,3,,17,5962662,0,0,0,0,0,.1383739343,0,0,0,0,0,0,1,0,2,0,0
FRA,32,HautsdeFrance,2020-03-01,4,,23,5962662,3,0,0,0,0,.1383739343,0,0,0,0,0,0,1,0,2,0,0
FRA,32,HautsdeFrance,2020-03-02,5,45,45,5962662,8,0,0,0,0,.1383739343,0,0,0,0,0,0,1,0,2,0,0
FRA,32,HautsdeFrance,2020-03-03,6,59,59,5962662,9,0,0,0,0,.1383739343,0,0,0,0,0,0,1,0,2,0,0
FRA,32,HautsdeFrance,2020-03-04,7,65,65,5962662,10,0,0,0,0,.1383739343,0,0,0,0,0,0,1,0,2,0,0
FRA,32,HautsdeFrance,2020-03-05,8,74,74,5962662,13,0,0,0,0,.1383739343,0,0,0,0,0,0,1,0,2,0,0
FRA,32,HautsdeFrance,2020-03-06,10,97,97,5962662,15,0,0,0,0,.1383739343,0,0,0,0,0,0,1,0,2,1,.4342
FRA,32,HautsdeFrance,2020-03-07,12,173,173,5962662,18,0,0,0,0,.1383739343,0,0,0,0,0,0,1,0,2,1,.4342
FRA,32,HautsdeFrance,2020-03-08,76,173,173,5962662,21,0,0,0,0,.1383739343,0,0,0,0,0,0,1,0,2,1,.4342
FRA,32,HautsdeFrance,2020-03-09,17,181,181,5962662,27,0,0,0,0,.1383739343,1,.1383739343,0,0,0,0,1,0,2,1,.4342
FRA,32,HautsdeFrance,2020-03-10,20,209,209,5962662,37,0,0,0,0,.1383739343,1,.1383739343,0,0,0,0,1,0,2,1,.5297562
FRA,32,HautsdeFrance,2020-03-11,24,263,263,5962662,50,0,0,0,0,.1383739343,1,.1383739343,.5,.5,0,0,1,0,2,1,.5297562
FRA,32,HautsdeFrance,2020-03-12,29,349,349,5962662,60,0,0,0,0,.1383739343,1,.1383739343,.5,.5,0,0,1,0,2,1,.5297562
FRA,32,HautsdeFrance,2020-03-13,34,417,417,5962662,80,0,0,0,0,.1383739343,1,.1383739343,.5,.5,0,0,1,0,2,1,.5297562
FRA,32,HautsdeFrance,2020-03-14,41,466,466,5962662,100,0,0,0,0,.1383739343,1,.1383739343,.5,.5,0,0,1,0,2,1,.5297562
FRA,32,HautsdeFrance,2020-03-15,49,507,507,5962662,120,0,0,0,0,.1383739343,1,.1383739343,.5,.5,0,1,1,1,2,1,.5297562
FRA,32,HautsdeFrance,2020-03-16,58,585,585,5962662,153,0,0,0,0,.1383739343,1,.1383739343,.5,.5,0,1,1,1,2,1,1
FRA,32,HautsdeFrance,2020-03-17,69,612,612,5962662,195,1,1,.33000001,.3300000131,.1383739343,1,1,1,1,0,1,1,1,2,1,1
FRA,32,HautsdeFrance,2020-03-18,83,665,665,5962662,245,1,1,.33000001,.3300000131,.1383739343,1,1,1,1,0,1,1,1,2,1,1
FRA,32,HautsdeFrance,2020-03-19,99,700,700,5962662,295,1,1,.33000001,.3300000131,.1383739343,1,1,1,1,0,1,1,1,2,1,1
FRA,32,HautsdeFrance,2020-03-20,118,759,759,5962662,353,1,1,.33000001,.3300000131,.1383739343,1,1,1,1,0,1,1,1,2,1,1
FRA,32,HautsdeFrance,2020-03-21,141,791,791,5962662,405,1,1,.33000001,.3300000131,.1383739343,1,1,1,1,0,1,1,1,2,1,1
FRA,32,HautsdeFrance,2020-03-22,168,936,936,5962662,453,1,1,.33000001,.3300000131,.1383739343,1,1,1,1,0,1,1,1,2,1,1
FRA,32,HautsdeFrance,2020-03-23,201,1269,1269,5962662,565,1,1,1,1,.1383739343,1,1,1,1,0,1,1,1,2,1,1
FRA,32,HautsdeFrance,2020-03-24,240,1532,1532,5962662,663,1,1,1,1,.1383739343,1,1,1,1,0,1,1,1,2,1,1
FRA,32,HautsdeFrance,2020-03-25,286,1753,1753,5962662,770,1,1,1,1,.1383739343,1,1,1,1,0,1,1,1,2,1,1
FRA,32,HautsdeFrance,2020-03-26,,,,5962662,894,1,1,1,1,.1383739343,1,1,1,1,0,1,1,1,2,1,1
FRA,32,HautsdeFrance,2020-03-27,,,,5962662,1032,1,1,1,1,.1383739343,1,1,1,1,0,1,1,1,2,1,1
FRA,32,HautsdeFrance,2020-03-28,,,,5962662,1146,1,1,1,1,.1383739343,1,1,1,1,0,1,1,1,2,1,1
FRA,32,HautsdeFrance,2020-03-29,,,,5962662,1241,1,1,1,1,.1383739343,1,1,1,1,0,1,1,1,2,1,1
FRA,32,HautsdeFrance,2020-03-30,,,,5962662,1378,1,1,1,1,.1383739343,1,1,1,1,0,1,1,1,2,1,1
FRA,32,HautsdeFrance,2020-03-31,,,,5962662,1492,1,1,1,1,.1383739343,1,1,1,1,0,1,1,1,2,1,1
FRA,32,HautsdeFrance,2020-04-01,,,,5962662,1583,1,1,1,1,.1383739343,1,1,1,1,0,1,1,1,2,1,1
FRA,32,HautsdeFrance,2020-04-02,,,,5962662,1689,1,1,1,1,.1383739343,1,1,1,1,0,1,1,1,2,1,1
FRA,32,HautsdeFrance,2020-04-03,,,,5962662,1803,1,1,1,1,.1383739343,1,1,1,1,0,1,1,1,2,1,1
FRA,32,HautsdeFrance,2020-04-04,,,,5962662,1886,1,1,1,1,.1383739343,1,1,1,1,0,1,1,1,2,1,1
FRA,32,HautsdeFrance,2020-04-05,,,,5962662,1956,1,1,1,1,.1383739343,1,1,1,1,0,1,1,1,2,1,1
FRA,32,HautsdeFrance,2020-04-06,,,,5962662,2013,1,1,1,1,.1383739343,1,1,1,1,0,1,1,1,2,1,1
FRA,44,GrandEst,2020-02-15,0,0,0,5511747,,0,0,0,0,0,0,0,0,0,0,0,0,0,99999,0,0
FRA,44,GrandEst,2020-02-16,0,0,0,5511747,,0,0,0,0,0,0,0,0,0,0,0,0,0,99999,0,0
FRA,44,GrandEst,2020-02-17,0,0,0,5511747,,0,0,0,0,0,0,0,0,0,0,0,0,0,99999,0,0
FRA,44,GrandEst,2020-02-18,0,0,0,5511747,,0,0,0,0,0,0,0,0,0,0,0,0,0,99999,0,0
FRA,44,GrandEst,2020-02-19,0,0,0,5511747,,0,0,0,0,0,0,0,0,0,0,0,0,0,99999,0,0
FRA,44,GrandEst,2020-02-20,0,0,0,5511747,,0,0,0,0,0,0,0,0,0,0,0,0,0,99999,0,0
FRA,44,GrandEst,2020-02-21,0,0,0,5511747,,0,0,0,0,0,0,0,0,0,0,0,0,0,99999,0,0
FRA,44,GrandEst,2020-02-22,0,0,0,5511747,,0,0,0,0,0,0,0,0,0,0,0,0,0,99999,0,0
FRA,44,GrandEst,2020-02-23,0,0,0,5511747,,0,0,0,0,0,0,0,0,0,0,0,0,0,99999,0,0
FRA,44,GrandEst,2020-02-24,0,0,0,5511747,0,0,0,0,0,0,0,0,0,0,0,0,0,0,99999,0,0
FRA,44,GrandEst,2020-02-25,0,0,0,5511747,0,0,0,0,0,0,0,0,0,0,0,0,0,0,99999,0,0
FRA,44,GrandEst,2020-02-26,1,1,1,5511747,0,0,0,0,0,0,0,0,0,0,0,0,0,0,99999,0,0
FRA,44,GrandEst,2020-02-27,1,1,1,5511747,0,0,0,0,0,0,0,0,0,0,0,0,0,0,99999,0,0
FRA,44,GrandEst,2020-02-28,2,1,1,5511747,0,0,0,0,0,0,0,0,0,0,0,0,0,0,99999,0,0
FRA,44,GrandEst,2020-02-29,2,,2,5511747,1,0,0,0,0,0,0,0,0,0,0,0,1,0,5000,0,0
FRA,44,GrandEst,2020-03-01,3,,5,5511747,1,0,0,0,0,0,0,0,0,0,0,0,1,0,5000,0,0
FRA,44,GrandEst,2020-03-02,4,12,12,5511747,2,0,0,0,0,0,0,0,0,0,0,0,1,0,5000,0,0
FRA,44,GrandEst,2020-03-03,5,13,13,5511747,4,0,0,0,0,0,0,0,0,0,0,0,1,0,5000,0,0
FRA,44,GrandEst,2020-03-04,6,38,38,5511747,8,0,0,0,0,0,0,0,0,0,0,0,1,0,5000,1,.1384686
FRA,44,GrandEst,2020-03-05,8,77,77,5511747,16,0,0,0,0,0,0,0,0,0,0,0,1,0,5000,1,.1384686
FRA,44,GrandEst,2020-03-06,10,136,136,5511747,30,1,.1384686198,0,0,0,1,.1384686198,.5,.0692343099,0,0,1,0,5000,1,.1384686
FRA,44,GrandEst,2020-03-07,13,250,250,5511747,53,1,.1384686198,0,0,0,1,.1384686198,.5,.0692343099,0,0,1,0,5000,1,.1384686
FRA,44,GrandEst,2020-03-08,69,250,250,5511747,66,1,.1384686198,0,0,0,1,.1384686198,.5,.0692343099,0,0,1,0,1000,1,.1384686
FRA,44,GrandEst,2020-03-09,21,310,310,5511747,86,1,.1384686198,0,0,0,1,.1384686198,.5,.0692343099,0,0,1,0,1000,1,.1384686
FRA,44,GrandEst,2020-03-10,27,464,464,5511747,116,1,.1384686198,0,0,0,1,.1384686198,.5,.0692343099,0,0,1,0,1000,1,.1384686
FRA,44,GrandEst,2020-03-11,35,578,578,5511747,152,1,.1384686198,0,0,0,1,.1384686198,1,.5692343099,0,0,1,0,1000,1,.1384686
FRA,44,GrandEst,2020-03-12,45,699,699,5511747,181,1,.1384686198,0,0,0,1,.1384686198,1,.5692343099,0,0,1,0,1000,1,.1384686
FRA,44,GrandEst,2020-03-13,58,911,911,5511747,238,1,.1384686198,0,0,0,1,.1384686198,1,.5692343099,0,0,1,0,100,1,.1384686
FRA,44,GrandEst,2020-03-14,75,1085,1085,5511747,301,1,.1384686198,0,0,0,1,.2054896569,1,.5692343099,0,0,1,0,100,1,.1384686
FRA,44,GrandEst,2020-03-15,97,1378,1378,5511747,378,1,.1384686198,0,0,0,1,.2054896569,1,.5692343099,0,1,1,1,100,1,.1384686
FRA,44,GrandEst,2020-03-16,125,1543,1543,5511747,503,1,.1384686198,0,0,0,1,.2054896569,1,.5692343099,0,1,1,1,100,1,1
FRA,44,GrandEst,2020-03-17,161,1820,1820,5511747,605,1,1,.33000001,.3300000131,0,1,1,1,1,0,1,1,1,2,1,1
FRA,44,GrandEst,2020-03-18,208,2163,2163,5511747,753,1,1,.33000001,.3300000131,0,1,1,1,1,0,1,1,1,2,1,1
FRA,44,GrandEst,2020-03-19,268,2643,2643,5511747,899,1,1,.33000001,.3300000131,0,1,1,1,1,0,1,1,1,2,1,1
FRA,44,GrandEst,2020-03-20,345,3006,3006,5511747,1111,1,1,.33000001,.3300000131,0,1,1,1,1,0,1,1,1,2,1,1
FRA,44,GrandEst,2020-03-21,445,3089,3089,5511747,1301,1,1,.33000001,.3300000131,0,1,1,1,1,0,1,1,1,2,1,1
FRA,44,GrandEst,2020-03-22,574,3395,3395,5511747,1508,1,1,.33000001,.3300000131,0,1,1,1,1,0,1,1,1,2,1,1
FRA,44,GrandEst,2020-03-23,740,4256,4256,5511747,1871,1,1,1,1,0,1,1,1,1,0,1,1,1,2,1,1
FRA,44,GrandEst,2020-03-24,954,4922,4922,5511747,2157,1,1,1,1,0,1,1,1,1,0,1,1,1,2,1,1
FRA,44,GrandEst,2020-03-25,1230,5479,5479,5511747,2437,1,1,1,1,0,1,1,1,1,0,1,1,1,2,1,1
FRA,44,GrandEst,2020-03-26,,,,5511747,2738,1,1,1,1,0,1,1,1,1,0,1,1,1,2,1,1
FRA,44,GrandEst,2020-03-27,,,,5511747,3088,1,1,1,1,0,1,1,1,1,0,1,1,1,2,1,1
FRA,44,GrandEst,2020-03-28,,,,5511747,3362,1,1,1,1,0,1,1,1,1,0,1,1,1,2,1,1
FRA,44,GrandEst,2020-03-29,,,,5511747,3564,1,1,1,1,0,1,1,1,1,0,1,1,1,2,1,1
FRA,44,GrandEst,2020-03-30,,,,5511747,3887,1,1,1,1,0,1,1,1,1,0,1,1,1,2,1,1
FRA,44,GrandEst,2020-03-31,,,,5511747,4150,1,1,1,1,0,1,1,1,1,0,1,1,1,2,1,1
FRA,44,GrandEst,2020-04-01,,,,5511747,4370,1,1,1,1,0,1,1,1,1,0,1,1,1,2,1,1
FRA,44,GrandEst,2020-04-02,,,,5511747,4590,1,1,1,1,0,1,1,1,1,0,1,1,1,2,1,1
FRA,44,GrandEst,2020-04-03,,,,5511747,4831,1,1,1,1,0,1,1,1,1,0,1,1,1,2,1,1
FRA,44,GrandEst,2020-04-04,,,,5511747,4976,1,1,1,1,0,1,1,1,1,0,1,1,1,2,1,1
FRA,44,GrandEst,2020-04-05,,,,5511747,5079,1,1,1,1,0,1,1,1,1,0,1,1,1,2,1,1
FRA,44,GrandEst,2020-04-06,,,,5511747,5221,1,1,1,1,0,1,1,1,1,0,1,1,1,2,1,1
FRA,52,PaysdelaLoire,2020-02-15,0,0,0,3801797,,0,0,0,0,0,0,0,0,0,0,0,0,0,99999,0,0
FRA,52,PaysdelaLoire,2020-02-16,0,0,0,3801797,,0,0,0,0,0,0,0,0,0,0,0,0,0,99999,0,0
FRA,52,PaysdelaLoire,2020-02-17,0,0,0,3801797,,0,0,0,0,0,0,0,0,0,0,0,0,0,99999,0,0
FRA,52,PaysdelaLoire,2020-02-18,0,0,0,3801797,,0,0,0,0,0,0,0,0,0,0,0,0,0,99999,0,0
FRA,52,PaysdelaLoire,2020-02-19,0,0,0,3801797,,0,0,0,0,0,0,0,0,0,0,0,0,0,99999,0,0
FRA,52,PaysdelaLoire,2020-02-20,0,0,0,3801797,,0,0,0,0,0,0,0,0,0,0,0,0,0,99999,0,0
FRA,52,PaysdelaLoire,2020-02-21,0,0,0,3801797,,0,0,0,0,0,0,0,0,0,0,0,0,0,99999,0,0
FRA,52,PaysdelaLoire,2020-02-22,0,0,0,3801797,,0,0,0,0,0,0,0,0,0,0,0,0,0,99999,0,0
FRA,52,PaysdelaLoire,2020-02-23,0,0,0,3801797,,0,0,0,0,0,0,0,0,0,0,0,0,0,99999,0,0
FRA,52,PaysdelaLoire,2020-02-24,0,0,0,3801797,0,0,0,0,0,0,0,0,0,0,0,0,0,0,99999,0,0
FRA,52,PaysdelaLoire,2020-02-25,0,0,0,3801797,0,0,0,0,0,0,0,0,0,0,0,0,0,0,99999,0,0
FRA,52,PaysdelaLoire,2020-02-26,0,0,0,3801797,0,0,0,0,0,0,0,0,0,0,0,0,0,0,99999,0,0
FRA,52,PaysdelaLoire,2020-02-27,0,0,0,3801797,0,0,0,0,0,0,0,0,0,0,0,0,0,0,99999,0,0
FRA,52,PaysdelaLoire,2020-02-28,2,2,2,3801797,0,0,0,0,0,0,0,0,0,0,0,0,0,0,99999,0,0
FRA,52,PaysdelaLoire,2020-02-29,2,,2,3801797,0,0,0,0,0,0,0,0,0,0,0,0,1,0,5000,0,0
FRA,52,PaysdelaLoire,2020-03-01,3,,3,3801797,0,0,0,0,0,0,0,0,0,0,0,0,1,0,5000,0,0
FRA,52,PaysdelaLoire,2020-03-02,3,5,5,3801797,9,0,0,0,0,0,0,0,0,0,0,0,1,0,5000,0,0
FRA,52,PaysdelaLoire,2020-03-03,3,5,5,3801797,22,0,0,0,0,0,0,0,0,0,0,0,1,0,5000,0,0
FRA,52,PaysdelaLoire,2020-03-04,4,7,7,3801797,33,0,0,0,0,0,0,0,0,0,0,0,1,0,5000,0,0
FRA,52,PaysdelaLoire,2020-03-05,4,8,8,3801797,38,0,0,0,0,0,0,0,0,0,0,0,1,0,5000,0,0
FRA,52,PaysdelaLoire,2020-03-06,5,16,16,3801797,48,0,0,0,0,0,0,0,0,0,0,0,1,0,5000,0,0
FRA,52,PaysdelaLoire,2020-03-07,5,18,18,3801797,52,0,0,0,0,0,0,0,0,0,0,0,1,0,5000,0,0
FRA,52,PaysdelaLoire,2020-03-08,6,25,25,3801797,65,0,0,0,0,0,0,0,0,0,0,0,1,0,1000,0,0
FRA,52,PaysdelaLoire,2020-03-09,6,26,26,3801797,73,0,0,0,0,0,0,0,0,0,0,0,1,0,1000,0,0
FRA,52,PaysdelaLoire,2020-03-10,7,27,27,3801797,80,0,0,0,0,0,0,0,0,0,0,0,1,0,1000,0,0
FRA,52,PaysdelaLoire,2020-03-11,8,34,34,3801797,89,0,0,0,0,0,0,0,.5,.5,0,0,1,0,1000,0,0
FRA,52,PaysdelaLoire,2020-03-12,67,41,41,3801797,97,0,0,0,0,0,0,0,.5,.5,0,0,1,0,1000,0,0
FRA,52,PaysdelaLoire,2020-03-13,10,55,55,3801797,106,0,0,0,0,0,0,0,.5,.5,0,0,1,0,100,0,0
FRA,52,PaysdelaLoire,2020-03-14,12,82,82,3801797,112,0,0,0,0,0,0,0,.5,.5,0,0,1,0,100,0,0
FRA,52,PaysdelaLoire,2020-03-15,13,98,98,3801797,127,0,0,0,0,0,0,0,.5,.5,0,1,1,1,100,0,0
FRA,52,PaysdelaLoire,2020-03-16,15,108,108,3801797,143,0,0,0,0,0,0,0,.5,.5,0,1,1,1,100,1,1
FRA,52,PaysdelaLoire,2020-03-17,17,126,126,3801797,169,1,1,.33000001,.3300000131,0,1,1,1,1,0,1,1,1,2,1,1
FRA,52,PaysdelaLoire,2020-03-18,19,128,128,3801797,189,1,1,.33000001,.3300000131,0,1,1,1,1,0,1,1,1,2,1,1
FRA,52,PaysdelaLoire,2020-03-19,21,160,160,3801797,217,1,1,.33000001,.3300000131,0,1,1,1,1,0,1,1,1,2,1,1
FRA,52,PaysdelaLoire,2020-03-20,24,190,190,3801797,258,1,1,.33000001,.3300000131,0,1,1,1,1,0,1,1,1,2,1,1
FRA,52,PaysdelaLoire,2020-03-21,27,234,234,3801797,294,1,1,.33000001,.3300000131,0,1,1,1,1,0,1,1,1,2,1,1
FRA,52,PaysdelaLoire,2020-03-22,30,270,270,3801797,342,1,1,.33000001,.3300000131,0,1,1,1,1,0,1,1,1,2,1,1
FRA,52,PaysdelaLoire,2020-03-23,34,293,293,3801797,406,1,1,1,1,0,1,1,1,1,0,1,1,1,2,1,1
FRA,52,PaysdelaLoire,2020-03-24,38,343,343,3801797,474,1,1,1,1,0,1,1,1,1,0,1,1,1,2,1,1
FRA,52,PaysdelaLoire,2020-03-25,43,368,368,3801797,569,1,1,1,1,0,1,1,1,1,0,1,1,1,2,1,1
FRA,52,PaysdelaLoire,2020-03-26,,,,3801797,660,1,1,1,1,0,1,1,1,1,0,1,1,1,2,1,1
FRA,52,PaysdelaLoire,2020-03-27,,,,3801797,765,1,1,1,1,0,1,1,1,1,0,1,1,1,2,1,1
FRA,52,PaysdelaLoire,2020-03-28,,,,3801797,857,1,1,1,1,0,1,1,1,1,0,1,1,1,2,1,1
FRA,52,PaysdelaLoire,2020-03-29,,,,3801797,941,1,1,1,1,0,1,1,1,1,0,1,1,1,2,1,1
FRA,52,PaysdelaLoire,2020-03-30,,,,3801797,1045,1,1,1,1,0,1,1,1,1,0,1,1,1,2,1,1
FRA,52,PaysdelaLoire,2020-03-31,,,,3801797,1122,1,1,1,1,0,1,1,1,1,0,1,1,1,2,1,1
FRA,52,PaysdelaLoire,2020-04-01,,,,3801797,1212,1,1,1,1,0,1,1,1,1,0,1,1,1,2,1,1
FRA,52,PaysdelaLoire,2020-04-02,,,,3801797,1283,1,1,1,1,0,1,1,1,1,0,1,1,1,2,1,1
FRA,52,PaysdelaLoire,2020-04-03,,,,3801797,1361,1,1,1,1,0,1,1,1,1,0,1,1,1,2,1,1
FRA,52,PaysdelaLoire,2020-04-04,,,,3801797,1429,1,1,1,1,0,1,1,1,1,0,1,1,1,2,1,1
FRA,52,PaysdelaLoire,2020-04-05,,,,3801797,1493,1,1,1,1,0,1,1,1,1,0,1,1,1,2,1,1
FRA,52,PaysdelaLoire,2020-04-06,,,,3801797,1568,1,1,1,1,0,1,1,1,1,0,1,1,1,2,1,1
FRA,53,Bretagne,2020-02-15,0,0,0,3340379,,0,0,0,0,0,0,0,0,0,0,0,0,0,99999,0,0
FRA,53,Bretagne,2020-02-16,0,0,0,3340379,,0,0,0,0,0,0,0,0,0,0,0,0,0,99999,0,0
FRA,53,Bretagne,2020-02-17,0,0,0,3340379,,0,0,0,0,0,0,0,0,0,0,0,0,0,99999,0,0
FRA,53,Bretagne,2020-02-18,0,0,0,3340379,,0,0,0,0,0,0,0,0,0,0,0,0,0,99999,0,0
FRA,53,Bretagne,2020-02-19,0,0,0,3340379,,0,0,0,0,0,0,0,0,0,0,0,0,0,99999,0,0
FRA,53,Bretagne,2020-02-20,0,0,0,3340379,,0,0,0,0,0,0,0,0,0,0,0,0,0,99999,0,0
FRA,53,Bretagne,2020-02-21,0,0,0,3340379,,0,0,0,0,0,0,0,0,0,0,0,0,0,99999,0,0
FRA,53,Bretagne,2020-02-22,0,0,0,3340379,,0,0,0,0,0,0,0,0,0,0,0,0,0,99999,0,0
FRA,53,Bretagne,2020-02-23,0,0,0,3340379,,0,0,0,0,0,0,0,0,0,0,0,0,0,99999,0,0
FRA,53,Bretagne,2020-02-24,0,0,0,3340379,0,0,0,0,0,0,0,0,0,0,0,0,0,0,99999,0,0
FRA,53,Bretagne,2020-02-25,0,0,0,3340379,0,0,0,0,0,0,0,0,0,0,0,0,0,0,99999,0,0
FRA,53,Bretagne,2020-02-26,0,0,0,3340379,0,0,0,0,0,0,0,0,0,0,0,0,0,0,99999,0,0
FRA,53,Bretagne,2020-02-27,1,1,1,3340379,0,0,0,0,0,0,0,0,0,0,0,0,0,0,99999,0,0
FRA,53,Bretagne,2020-02-28,1,1,1,3340379,0,0,0,0,0,0,0,0,0,0,0,0,0,0,99999,0,0
FRA,53,Bretagne,2020-02-29,1,,3,3340379,0,0,0,0,0,0,0,0,0,0,0,0,1,0,5000,0,0
FRA,53,Bretagne,2020-03-01,2,,4,3340379,0,0,0,0,0,.2261916986,0,0,0,0,0,0,1,0,2,0,0
FRA,53,Bretagne,2020-03-02,2,13,13,3340379,0,0,0,0,0,.2261916986,0,0,0,0,0,0,1,0,2,0,0
FRA,53,Bretagne,2020-03-03,2,19,19,3340379,1,0,0,0,0,.2261916986,0,0,0,0,0,0,1,0,2,0,0
FRA,53,Bretagne,2020-03-04,3,23,23,3340379,1,0,0,0,0,.2261916986,0,0,0,0,0,0,1,0,2,0,0
FRA,53,Bretagne,2020-03-05,3,29,29,3340379,1,0,0,0,0,.2261916986,0,0,0,0,0,0,1,0,2,0,0
FRA,53,Bretagne,2020-03-06,4,32,32,3340379,3,0,0,0,0,.2261916986,0,0,0,0,0,0,1,0,2,0,0
FRA,53,Bretagne,2020-03-07,5,40,40,3340379,3,0,0,0,0,.2261916986,0,0,0,0,0,0,1,0,2,0,0
FRA,53,Bretagne,2020-03-08,5,59,59,3340379,3,0,0,0,0,.2261916986,0,0,0,0,0,0,1,0,2,0,0
FRA,53,Bretagne,2020-03-09,6,71,71,3340379,3,0,0,0,0,.2261916986,0,0,0,0,0,0,1,0,2,0,0
FRA,53,Bretagne,2020-03-10,43,81,81,3340379,4,0,0,0,0,.2261916986,0,0,0,0,0,0,1,0,2,0,0
FRA,53,Bretagne,2020-03-11,9,94,94,3340379,4,0,0,0,0,.2261916986,0,0,.5,.5,0,0,1,0,2,1,.3239372
FRA,53,Bretagne,2020-03-12,11,117,117,3340379,7,0,0,0,0,.2261916986,0,0,.5,.5,0,0,1,0,2,1,.3239372
FRA,53,Bretagne,2020-03-13,13,157,157,3340379,8,0,0,0,0,.2261916986,0,0,.5,.5,0,0,1,0,2,1,.3239372
FRA,53,Bretagne,2020-03-14,15,182,182,3340379,15,0,0,0,0,.2261916986,0,0,.5,.5,0,0,1,0,2,1,.3239372
FRA,53,Bretagne,2020-03-15,18,207,207,3340379,23,0,0,0,0,.2261916986,0,0,.5,.5,0,1,1,1,2,1,.3239372
FRA,53,Bretagne,2020-03-16,21,233,233,3340379,37,0,0,0,0,.2261916986,0,0,.5,.5,0,1,1,1,2,1,1
FRA,53,Bretagne,2020-03-17,25,247,247,3340379,57,1,1,.33000001,.3300000131,.2261916986,1,1,1,1,0,1,1,1,2,1,1
FRA,53,Bretagne,2020-03-18,29,273,273,3340379,71,1,1,.33000001,.3300000131,.2261916986,1,1,1,1,0,1,1,1,2,1,1
FRA,53,Bretagne,2020-03-19,34,297,297,3340379,96,1,1,.33000001,.3300000131,.2261916986,1,1,1,1,0,1,1,1,2,1,1
FRA,53,Bretagne,2020-03-20,41,346,346,3340379,112,1,1,.33000001,.3300000131,.2261916986,1,1,1,1,0,1,1,1,2,1,1
FRA,53,Bretagne,2020-03-21,48,359,359,3340379,137,1,1,.33000001,.3300000131,.2261916986,1,1,1,1,0,1,1,1,2,1,1
FRA,53,Bretagne,2020-03-22,57,397,397,3340379,157,1,1,.33000001,.3300000131,.2261916986,1,1,1,1,0,1,1,1,2,1,1
FRA,53,Bretagne,2020-03-23,67,490,490,3340379,193,1,1,1,1,.2261916986,1,1,1,1,0,1,1,1,2,1,1
FRA,53,Bretagne,2020-03-24,80,526,526,3340379,228,1,1,1,1,.2261916986,1,1,1,1,0,1,1,1,2,1,1
FRA,53,Bretagne,2020-03-25,94,603,603,3340379,273,1,1,1,1,.2261916986,1,1,1,1,0,1,1,1,2,1,1
FRA,53,Bretagne,2020-03-26,,,,3340379,313,1,1,1,1,.2261916986,1,1,1,1,0,1,1,1,2,1,1
FRA,53,Bretagne,2020-03-27,,,,3340379,358,1,1,1,1,.2261916986,1,1,1,1,0,1,1,1,2,1,1
FRA,53,Bretagne,2020-03-28,,,,3340379,403,1,1,1,1,.2261916986,1,1,1,1,0,1,1,1,2,1,1
FRA,53,Bretagne,2020-03-29,,,,3340379,432,1,1,1,1,.2261916986,1,1,1,1,0,1,1,1,2,1,1
FRA,53,Bretagne,2020-03-30,,,,3340379,473,1,1,1,1,.2261916986,1,1,1,1,0,1,1,1,2,1,1
FRA,53,Bretagne,2020-03-31,,,,3340379,513,1,1,1,1,.2261916986,1,1,1,1,0,1,1,1,2,1,1
FRA,53,Bretagne,2020-04-01,,,,3340379,554,1,1,1,1,.2261916986,1,1,1,1,0,1,1,1,2,1,1
FRA,53,Bretagne,2020-04-02,,,,3340379,593,1,1,1,1,.2261916986,1,1,1,1,0,1,1,1,2,1,1
FRA,53,Bretagne,2020-04-03,,,,3340379,627,1,1,1,1,.2261916986,1,1,1,1,0,1,1,1,2,1,1
FRA,53,Bretagne,2020-04-04,,,,3340379,660,1,1,1,1,.2261916986,1,1,1,1,0,1,1,1,2,1,1
FRA,53,Bretagne,2020-04-05,,,,3340379,698,1,1,1,1,.2261916986,1,1,1,1,0,1,1,1,2,1,1
FRA,53,Bretagne,2020-04-06,,,,3340379,733,1,1,1,1,.2261916986,1,1,1,1,0,1,1,1,2,1,1
FRA,75,NouvelleAquitaine,2020-02-15,1,1,1,5999982,,0,0,0,0,0,0,0,0,0,0,0,0,0,99999,0,0
FRA,75,NouvelleAquitaine,2020-02-16,1,1,1,5999982,,0,0,0,0,0,0,0,0,0,0,0,0,0,99999,0,0
FRA,75,NouvelleAquitaine,2020-02-17,1,1,1,5999982,,0,0,0,0,0,0,0,0,0,0,0,0,0,99999,0,0
FRA,75,NouvelleAquitaine,2020-02-18,1,1,1,5999982,,0,0,0,0,0,0,0,0,0,0,0,0,0,99999,0,0
FRA,75,NouvelleAquitaine,2020-02-19,2,1,1,5999982,,0,0,0,0,0,0,0,0,0,0,0,0,0,99999,0,0
FRA,75,NouvelleAquitaine,2020-02-20,2,1,1,5999982,,0,0,0,0,0,0,0,0,0,0,0,0,0,99999,0,0
FRA,75,NouvelleAquitaine,2020-02-21,2,1,1,5999982,,0,0,0,0,0,0,0,0,0,0,0,0,0,99999,0,0
FRA,75,NouvelleAquitaine,2020-02-22,2,1,1,5999982,,0,0,0,0,0,0,0,0,0,0,0,0,0,99999,0,0
FRA,75,NouvelleAquitaine,2020-02-23,3,1,1,5999982,,0,0,0,0,0,0,0,0,0,0,0,0,0,99999,0,0
FRA,75,NouvelleAquitaine,2020-02-24,3,1,1,5999982,0,0,0,0,0,0,0,0,0,0,0,0,0,0,99999,0,0
FRA,75,NouvelleAquitaine,2020-02-25,3,1,1,5999982,0,0,0,0,0,0,0,0,0,0,0,0,0,0,99999,0,0
FRA,75,NouvelleAquitaine,2020-02-26,4,1,1,5999982,0,0,0,0,0,0,0,0,0,0,0,0,0,0,99999,0,0
FRA,75,NouvelleAquitaine,2020-02-27,4,1,1,5999982,1,0,0,0,0,0,0,0,0,0,0,0,0,0,99999,0,0
FRA,75,NouvelleAquitaine,2020-02-28,5,2,2,5999982,1,0,0,0,0,0,0,0,0,0,0,0,0,0,99999,0,0
FRA,75,NouvelleAquitaine,2020-02-29,5,,1,5999982,1,0,0,0,0,0,0,0,0,0,0,0,1,0,5000,0,0
FRA,75,NouvelleAquitaine,2020-03-01,6,,2,5999982,1,0,0,0,0,0,0,0,0,0,0,0,1,0,5000,0,0
FRA,75,NouvelleAquitaine,2020-03-02,7,4,4,5999982,1,0,0,0,0,0,0,0,0,0,0,0,1,0,5000,0,0
FRA,75,NouvelleAquitaine,2020-03-03,8,4,4,5999982,3,0,0,0,0,0,0,0,0,0,0,0,1,0,5000,0,0
FRA,75,NouvelleAquitaine,2020-03-04,8,5,5,5999982,6,0,0,0,0,0,0,0,0,0,0,0,1,0,5000,0,0
FRA,75,NouvelleAquitaine,2020-03-05,10,8,8,5999982,7,0,0,0,0,0,0,0,0,0,0,0,1,0,5000,0,0
FRA,75,NouvelleAquitaine,2020-03-06,11,11,11,5999982,9,0,0,0,0,0,0,0,0,0,0,0,1,0,5000,0,0
FRA,75,NouvelleAquitaine,2020-03-07,12,17,17,5999982,15,0,0,0,0,0,0,0,0,0,0,0,1,0,5000,0,0
FRA,75,NouvelleAquitaine,2020-03-08,14,29,29,5999982,23,0,0,0,0,0,0,0,0,0,1,0,1,0,1000,0,0
FRA,75,NouvelleAquitaine,2020-03-09,15,39,39,5999982,25,0,0,0,0,0,0,0,0,0,1,0,1,0,1000,0,0
FRA,75,NouvelleAquitaine,2020-03-10,17,54,54,5999982,30,0,0,0,0,0,0,0,0,0,1,0,1,0,1000,0,0
FRA,75,NouvelleAquitaine,2020-03-11,20,66,66,5999982,34,0,0,0,0,0,0,0,.5,.5,1,0,1,0,1000,0,0
FRA,75,NouvelleAquitaine,2020-03-12,22,87,87,5999982,46,0,0,0,0,0,0,0,.5,.5,1,0,1,0,1000,1,.1237195
FRA,75,NouvelleAquitaine,2020-03-13,25,114,114,5999982,52,0,0,0,0,0,0,0,.5,.5,1,0,1,0,100,1,.1237195
FRA,75,NouvelleAquitaine,2020-03-14,28,130,130,5999982,65,0,0,0,0,0,0,0,.5,.5,1,0,1,0,100,1,.1237195
FRA,75,NouvelleAquitaine,2020-03-15,31,144,144,5999982,75,0,0,0,0,0,0,0,.5,.5,1,1,1,1,100,1,.1237195
FRA,75,NouvelleAquitaine,2020-03-16,35,178,178,5999982,101,0,0,0,0,0,0,0,.5,.5,1,1,1,1,100,1,1
FRA,75,NouvelleAquitaine,2020-03-17,40,200,200,5999982,138,1,1,.33000001,.3300000131,0,1,1,1,1,1,1,1,1,2,1,1
FRA,75,NouvelleAquitaine,2020-03-18,45,237,237,5999982,166,1,1,.33000001,.3300000131,0,1,1,1,1,1,1,1,1,2,1,1
FRA,75,NouvelleAquitaine,2020-03-19,51,280,280,5999982,209,1,1,.33000001,.3300000131,0,1,1,1,1,1,1,1,1,2,1,1
FRA,75,NouvelleAquitaine,2020-03-20,57,432,432,5999982,269,1,1,.33000001,.3300000131,0,1,1,1,1,1,1,1,1,2,1,1
FRA,75,NouvelleAquitaine,2020-03-21,64,521,521,5999982,336,1,1,.33000001,.3300000131,0,1,1,1,1,1,1,1,1,2,1,1
FRA,75,NouvelleAquitaine,2020-03-22,72,612,612,5999982,406,1,1,.33000001,.3300000131,0,1,1,1,1,1,1,1,1,2,1,1
FRA,75,NouvelleAquitaine,2020-03-23,81,676,676,5999982,504,1,1,1,1,0,1,1,1,1,1,1,1,1,2,1,1
FRA,75,NouvelleAquitaine,2020-03-24,92,789,789,5999982,602,1,1,1,1,0,1,1,1,1,1,1,1,1,2,1,1
FRA,75,NouvelleAquitaine,2020-03-25,103,912,912,5999982,701,1,1,1,1,0,1,1,1,1,1,1,1,1,2,1,1
FRA,75,NouvelleAquitaine,2020-03-26,,,,5999982,813,1,1,1,1,0,1,1,1,1,1,1,1,1,2,1,1
FRA,75,NouvelleAquitaine,2020-03-27,,,,5999982,955,1,1,1,1,0,1,1,1,1,1,1,1,1,2,1,1
FRA,75,NouvelleAquitaine,2020-03-28,,,,5999982,1073,1,1,1,1,0,1,1,1,1,1,1,1,1,2,1,1
FRA,75,NouvelleAquitaine,2020-03-29,,,,5999982,1151,1,1,1,1,0,1,1,1,1,1,1,1,1,2,1,1
FRA,75,NouvelleAquitaine,2020-03-30,,,,5999982,1274,1,1,1,1,0,1,1,1,1,1,1,1,1,2,1,1
FRA,75,NouvelleAquitaine,2020-03-31,,,,5999982,1401,1,1,1,1,0,1,1,1,1,1,1,1,1,2,1,1
FRA,75,NouvelleAquitaine,2020-04-01,,,,5999982,1529,1,1,1,1,0,1,1,1,1,1,1,1,1,2,1,1
FRA,75,NouvelleAquitaine,2020-04-02,,,,5999982,1644,1,1,1,1,0,1,1,1,1,1,1,1,1,2,1,1
FRA,75,NouvelleAquitaine,2020-04-03,,,,5999982,1770,1,1,1,1,0,1,1,1,1,1,1,1,1,2,1,1
FRA,75,NouvelleAquitaine,2020-04-04,,,,5999982,1860,1,1,1,1,0,1,1,1,1,1,1,1,1,2,1,1
FRA,75,NouvelleAquitaine,2020-04-05,,,,5999982,1955,1,1,1,1,0,1,1,1,1,1,1,1,1,2,1,1
FRA,75,NouvelleAquitaine,2020-04-06,,,,5999982,2053,1,1,1,1,0,1,1,1,1,1,1,1,1,2,1,1
FRA,76,Occitanie,2020-02-15,0,0,0,5924858,,0,0,0,0,0,0,0,0,0,0,0,0,0,99999,0,0
FRA,76,Occitanie,2020-02-16,0,0,0,5924858,,0,0,0,0,0,0,0,0,0,0,0,0,0,99999,0,0
FRA,76,Occitanie,2020-02-17,0,0,0,5924858,,0,0,0,0,0,0,0,0,0,0,0,0,0,99999,0,0
FRA,76,Occitanie,2020-02-18,0,0,0,5924858,,0,0,0,0,0,0,0,0,0,0,0,0,0,99999,0,0
FRA,76,Occitanie,2020-02-19,0,0,0,5924858,,0,0,0,0,0,0,0,0,0,0,0,0,0,99999,0,0
FRA,76,Occitanie,2020-02-20,0,0,0,5924858,,0,0,0,0,0,0,0,0,0,0,0,0,0,99999,0,0
FRA,76,Occitanie,2020-02-21,0,0,0,5924858,,0,0,0,0,0,0,0,0,0,0,0,0,0,99999,0,0
FRA,76,Occitanie,2020-02-22,0,0,0,5924858,,0,0,0,0,0,0,0,0,0,0,0,0,0,99999,0,0
FRA,76,Occitanie,2020-02-23,0,0,0,5924858,,0,0,0,0,0,0,0,0,0,0,0,0,0,99999,0,0
FRA,76,Occitanie,2020-02-24,0,0,0,5924858,0,0,0,0,0,0,0,0,0,0,0,0,0,0,99999,0,0
FRA,76,Occitanie,2020-02-25,0,0,0,5924858,0,0,0,0,0,0,0,0,0,0,0,0,0,0,99999,0,0
FRA,76,Occitanie,2020-02-26,0,0,0,5924858,0,0,0,0,0,0,0,0,0,0,0,0,0,0,99999,0,0
FRA,76,Occitanie,2020-02-27,1,1,1,5924858,0,0,0,0,0,0,0,0,0,0,0,0,0,0,99999,0,0
FRA,76,Occitanie,2020-02-28,1,2,2,5924858,0,0,0,0,0,0,0,0,0,0,0,0,0,0,99999,0,0
FRA,76,Occitanie,2020-02-29,1,,2,5924858,1,0,0,0,0,0,0,0,0,0,0,0,1,0,5000,0,0
FRA,76,Occitanie,2020-03-01,2,,3,5924858,7,0,0,0,0,0,0,0,0,0,0,0,1,0,5000,0,0
FRA,76,Occitanie,2020-03-02,2,6,6,5924858,8,0,0,0,0,0,0,0,0,0,0,0,1,0,5000,0,0
FRA,76,Occitanie,2020-03-03,3,7,7,5924858,8,0,0,0,0,0,0,0,0,0,0,0,1,0,5000,0,0
FRA,76,Occitanie,2020-03-04,3,9,9,5924858,8,0,0,0,0,0,0,0,0,0,0,0,1,0,5000,0,0
FRA,76,Occitanie,2020-03-05,4,11,11,5924858,12,0,0,0,0,0,0,0,0,0,0,0,1,0,5000,0,0
FRA,76,Occitanie,2020-03-06,5,18,18,5924858,14,0,0,0,0,0,0,0,0,0,0,0,1,0,5000,0,0
FRA,76,Occitanie,2020-03-07,6,36,36,5924858,18,0,0,0,0,0,0,0,0,0,0,0,1,0,5000,0,0
FRA,76,Occitanie,2020-03-08,7,36,36,5924858,26,0,0,0,0,0,0,0,0,0,0,0,1,0,1000,0,0
FRA,76,Occitanie,2020-03-09,9,60,60,5924858,33,0,0,0,0,0,0,0,0,0,0,0,1,0,1000,0,0
FRA,76,Occitanie,2020-03-10,54,61,61,5924858,46,0,0,0,0,0,0,0,0,0,0,0,1,0,1000,0,0
FRA,76,Occitanie,2020-03-11,13,87,87,5924858,55,0,0,0,0,0,0,0,.5,.5,0,0,1,0,1000,1,.1985102
FRA,76,Occitanie,2020-03-12,15,133,133,5924858,65,0,0,0,0,0,0,0,.5,.5,0,0,1,0,1000,1,.1985102
FRA,76,Occitanie,2020-03-13,19,172,172,5924858,103,0,0,0,0,0,0,0,.5,.5,0,0,1,0,100,1,.1985102
FRA,76,Occitanie,2020-03-14,23,214,214,5924858,148,0,0,0,0,0,0,0,.5,.5,0,0,1,0,100,1,.1985102
FRA,76,Occitanie,2020-03-15,27,243,243,5924858,195,0,0,0,0,0,0,0,.5,.5,0,1,1,1,100,1,.1985102
FRA,76,Occitanie,2020-03-16,33,262,262,5924858,252,0,0,0,0,0,0,0,.5,.5,0,1,1,1,100,1,1
FRA,76,Occitanie,2020-03-17,40,311,311,5924858,304,1,1,.33000001,.3300000131,0,1,1,1,1,0,1,1,1,2,1,1
FRA,76,Occitanie,2020-03-18,49,371,371,5924858,350,1,1,.33000001,.3300000131,0,1,1,1,1,0,1,1,1,2,1,1
FRA,76,Occitanie,2020-03-19,60,444,444,5924858,387,1,1,.67000002,.7143247921,0,1,1,1,1,0,1,1,1,2,1,1
FRA,76,Occitanie,2020-03-20,73,537,537,5924858,418,1,1,.67000002,.7143247921,0,1,1,1,1,0,1,1,1,2,1,1
FRA,76,Occitanie,2020-03-21,88,611,611,5924858,459,1,1,.67000002,.7143247921,0,1,1,1,1,0,1,1,1,2,1,1
FRA,76,Occitanie,2020-03-22,107,671,671,5924858,491,1,1,.67000002,.7143247921,0,1,1,1,1,0,1,1,1,2,1,1
FRA,76,Occitanie,2020-03-23,130,767,767,5924858,561,1,1,1,1,0,1,1,1,1,0,1,1,1,2,1,1
FRA,76,Occitanie,2020-03-24,158,900,900,5924858,622,1,1,1,1,0,1,1,1,1,0,1,1,1,2,1,1
FRA,76,Occitanie,2020-03-25,192,1082,1082,5924858,681,1,1,1,1,0,1,1,1,1,0,1,1,1,2,1,1
FRA,76,Occitanie,2020-03-26,,,,5924858,750,1,1,1,1,0,1,1,1,1,0,1,1,1,2,1,1
FRA,76,Occitanie,2020-03-27,,,,5924858,825,1,1,1,1,0,1,1,1,1,0,1,1,1,2,1,1
FRA,76,Occitanie,2020-03-28,,,,5924858,957,1,1,1,1,0,1,1,1,1,0,1,1,1,2,1,1
FRA,76,Occitanie,2020-03-29,,,,5924858,1079,1,1,1,1,0,1,1,1,1,0,1,1,1,2,1,1
FRA,76,Occitanie,2020-03-30,,,,5924858,1215,1,1,1,1,0,1,1,1,1,0,1,1,1,2,1,1
FRA,76,Occitanie,2020-03-31,,,,5924858,1328,1,1,1,1,0,1,1,1,1,0,1,1,1,2,1,1
FRA,76,Occitanie,2020-04-01,,,,5924858,1431,1,1,1,1,0,1,1,1,1,0,1,1,1,2,1,1
FRA,76,Occitanie,2020-04-02,,,,5924858,1540,1,1,1,1,0,1,1,1,1,0,1,1,1,2,1,1
FRA,76,Occitanie,2020-04-03,,,,5924858,1622,1,1,1,1,0,1,1,1,1,0,1,1,1,2,1,1
FRA,76,Occitanie,2020-04-04,,,,5924858,1691,1,1,1,1,0,1,1,1,1,0,1,1,1,2,1,1
FRA,76,Occitanie,2020-04-05,,,,5924858,1762,1,1,1,1,0,1,1,1,1,0,1,1,1,2,1,1
FRA,76,Occitanie,2020-04-06,,,,5924858,1840,1,1,1,1,0,1,1,1,1,0,1,1,1,2,1,1
FRA,84,AuvergneRhôneAlpes,2020-02-15,6,6,6,8032377,,0,0,0,0,0,0,0,0,0,0,0,0,0,99999,0,0
FRA,84,AuvergneRhôneAlpes,2020-02-16,7,6,6,8032377,,0,0,0,0,0,0,0,0,0,0,0,0,0,99999,0,0
FRA,84,AuvergneRhôneAlpes,2020-02-17,7,6,6,8032377,,0,0,0,0,0,0,0,0,0,0,0,0,0,99999,0,0
FRA,84,AuvergneRhôneAlpes,2020-02-18,8,6,6,8032377,,0,0,0,0,0,0,0,0,0,0,0,0,0,99999,0,0
FRA,84,AuvergneRhôneAlpes,2020-02-19,9,6,6,8032377,,0,0,0,0,0,0,0,0,0,0,0,0,0,99999,0,0
FRA,84,AuvergneRhôneAlpes,2020-02-20,9,6,6,8032377,,0,0,0,0,0,0,0,0,0,0,0,0,0,99999,0,0
FRA,84,AuvergneRhôneAlpes,2020-02-21,10,6,6,8032377,,0,0,0,0,0,0,0,0,0,0,0,0,0,99999,0,0
FRA,84,AuvergneRhôneAlpes,2020-02-22,11,6,6,8032377,,0,0,0,0,0,0,0,0,0,0,0,0,0,99999,0,0
FRA,84,AuvergneRhôneAlpes,2020-02-23,12,6,6,8032377,,0,0,0,0,0,0,0,0,0,0,0,0,0,99999,0,0
FRA,84,AuvergneRhôneAlpes,2020-02-24,13,6,6,8032377,0,0,0,0,0,0,0,0,0,0,0,0,0,0,99999,0,0
FRA,84,AuvergneRhôneAlpes,2020-02-25,14,7,7,8032377,0,0,0,0,0,0,0,0,0,0,0,0,0,0,99999,0,0
FRA,84,AuvergneRhôneAlpes,2020-02-26,16,8,8,8032377,0,0,0,0,0,0,0,0,0,0,0,0,0,0,99999,0,0
FRA,84,AuvergneRhôneAlpes,2020-02-27,17,11,11,8032377,0,0,0,0,0,0,0,0,0,0,0,0,0,0,99999,0,0
FRA,84,AuvergneRhôneAlpes,2020-02-28,19,11,11,8032377,1,0,0,0,0,0,0,0,0,0,0,0,0,0,99999,0,0
FRA,84,AuvergneRhôneAlpes,2020-02-29,20,,17,8032377,1,0,0,0,0,0,0,0,0,0,0,0,1,0,5000,0,0
FRA,84,AuvergneRhôneAlpes,2020-03-01,22,,22,8032377,1,0,0,0,0,0,0,0,0,0,0,0,1,0,5000,0,0
FRA,84,AuvergneRhôneAlpes,2020-03-02,24,37,37,8032377,10,0,0,0,0,0,0,0,0,0,0,0,1,0,5000,1,.1031332
FRA,84,AuvergneRhôneAlpes,2020-03-03,26,40,40,8032377,12,0,0,0,0,0,0,0,0,0,0,0,1,0,5000,1,.1031332
FRA,84,AuvergneRhôneAlpes,2020-03-04,29,49,49,8032377,14,0,0,0,0,0,0,0,0,0,0,0,1,0,5000,1,.1031332
FRA,84,AuvergneRhôneAlpes,2020-03-05,31,64,64,8032377,15,0,0,0,0,0,0,0,0,0,0,0,1,0,5000,1,.1031332
FRA,84,AuvergneRhôneAlpes,2020-03-06,34,75,75,8032377,18,0,0,0,0,0,0,0,0,0,0,0,1,0,5000,1,.1031332
FRA,84,AuvergneRhôneAlpes,2020-03-07,38,102,102,8032377,22,0,0,0,0,0,0,0,0,0,0,0,1,0,5000,1,.1031332
FRA,84,AuvergneRhôneAlpes,2020-03-08,41,146,146,8032377,25,0,0,0,0,0,0,0,0,0,0,0,1,0,1000,1,.1031332
FRA,84,AuvergneRhôneAlpes,2020-03-09,45,182,182,8032377,39,0,0,0,0,0,0,0,0,0,0,0,1,0,1000,1,.1031332
FRA,84,AuvergneRhôneAlpes,2020-03-10,49,211,211,8032377,53,0,0,0,0,0,0,0,0,0,0,0,1,0,1000,1,.1031332
FRA,84,AuvergneRhôneAlpes,2020-03-11,53,264,264,8032377,66,0,0,0,0,0,0,0,.5,.5,0,0,1,0,1000,1,.1031332
FRA,84,AuvergneRhôneAlpes,2020-03-12,58,329,329,8032377,93,0,0,0,0,0,0,0,.5,.5,0,0,1,0,1000,1,.1031332
FRA,84,AuvergneRhôneAlpes,2020-03-13,63,416,416,8032377,130,0,0,0,0,0,0,0,.5,.5,0,0,1,0,100,1,.1031332
FRA,84,AuvergneRhôneAlpes,2020-03-14,69,454,454,8032377,170,0,0,0,0,0,0,0,.5,.5,0,0,1,0,100,1,.1031332
FRA,84,AuvergneRhôneAlpes,2020-03-15,75,523,523,8032377,199,0,0,0,0,0,0,0,.5,.5,0,1,1,1,100,1,.1031332
FRA,84,AuvergneRhôneAlpes,2020-03-16,82,618,618,8032377,245,0,0,0,0,0,0,0,.5,.5,0,1,1,1,100,1,1
FRA,84,AuvergneRhôneAlpes,2020-03-17,90,710,710,8032377,307,1,1,.33000001,.3300000131,0,1,1,1,1,0,1,1,1,2,1,1
FRA,84,AuvergneRhôneAlpes,2020-03-18,98,858,858,8032377,364,1,1,.33000001,.3300000131,0,1,1,1,1,0,1,1,1,2,1,1
FRA,84,AuvergneRhôneAlpes,2020-03-19,107,1014,1014,8032377,446,1,1,.33000001,.3300000131,0,1,1,1,1,0,1,1,1,2,1,1
FRA,84,AuvergneRhôneAlpes,2020-03-20,117,1101,1101,8032377,563,1,1,.33000001,.3300000131,0,1,1,1,1,0,1,1,1,2,1,1
FRA,84,AuvergneRhôneAlpes,2020-03-21,127,1266,1266,8032377,668,1,1,.33000001,.3300000131,0,1,1,1,1,0,1,1,1,2,1,1
FRA,84,AuvergneRhôneAlpes,2020-03-22,139,1431,1431,8032377,788,1,1,.33000001,.3300000131,0,1,1,1,1,0,1,1,1,2,1,1
FRA,84,AuvergneRhôneAlpes,2020-03-23,152,1730,1730,8032377,1008,1,1,1,1,0,1,1,1,1,0,1,1,1,2,1,1
FRA,84,AuvergneRhôneAlpes,2020-03-24,165,1857,1857,8032377,1229,1,1,1,1,0,1,1,1,1,0,1,1,1,2,1,1
FRA,84,AuvergneRhôneAlpes,2020-03-25,180,2093,2093,8032377,1466,1,1,1,1,0,1,1,1,1,0,1,1,1,2,1,1
FRA,84,AuvergneRhôneAlpes,2020-03-26,,,,8032377,1734,1,1,1,1,0,1,1,1,1,0,1,1,1,2,1,1
FRA,84,AuvergneRhôneAlpes,2020-03-27,,,,8032377,2076,1,1,1,1,0,1,1,1,1,0,1,1,1,2,1,1
FRA,84,AuvergneRhôneAlpes,2020-03-28,,,,8032377,2308,1,1,1,1,0,1,1,1,1,0,1,1,1,2,1,1
FRA,84,AuvergneRhôneAlpes,2020-03-29,,,,8032377,2508,1,1,1,1,0,1,1,1,1,0,1,1,1,2,1,1
FRA,84,AuvergneRhôneAlpes,2020-03-30,,,,8032377,2778,1,1,1,1,0,1,1,1,1,0,1,1,1,2,1,1
FRA,84,AuvergneRhôneAlpes,2020-03-31,,,,8032377,3008,1,1,1,1,0,1,1,1,1,0,1,1,1,2,1,1
FRA,84,AuvergneRhôneAlpes,2020-04-01,,,,8032377,3163,1,1,1,1,0,1,1,1,1,0,1,1,1,2,1,1
FRA,84,AuvergneRhôneAlpes,2020-04-02,,,,8032377,3326,1,1,1,1,0,1,1,1,1,0,1,1,1,2,1,1
FRA,84,AuvergneRhôneAlpes,2020-04-03,,,,8032377,3513,1,1,1,1,0,1,1,1,1,0,1,1,1,2,1,1
FRA,84,AuvergneRhôneAlpes,2020-04-04,,,,8032377,3648,1,1,1,1,0,1,1,1,1,0,1,1,1,2,1,1
FRA,84,AuvergneRhôneAlpes,2020-04-05,,,,8032377,3758,1,1,1,1,0,1,1,1,1,0,1,1,1,2,1,1
FRA,84,AuvergneRhôneAlpes,2020-04-06,,,,8032377,3907,1,1,1,1,0,1,1,1,1,0,1,1,1,2,1,1
FRA,93,Paca,2020-02-15,0,0,0,5055651,,0,0,0,0,0,0,0,0,0,0,0,0,0,99999,0,0
FRA,93,Paca,2020-02-16,0,0,0,5055651,,0,0,0,0,0,0,0,0,0,0,0,0,0,99999,0,0
FRA,93,Paca,2020-02-17,0,0,0,5055651,,0,0,0,0,0,0,0,0,0,0,0,0,0,99999,0,0
FRA,93,Paca,2020-02-18,0,0,0,5055651,,0,0,0,0,0,0,0,0,0,0,0,0,0,99999,0,0
FRA,93,Paca,2020-02-19,0,0,0,5055651,,0,0,0,0,0,0,0,0,0,0,0,0,0,99999,0,0
FRA,93,Paca,2020-02-20,0,0,0,5055651,,0,0,0,0,0,0,0,0,0,0,0,0,0,99999,0,0
FRA,93,Paca,2020-02-21,0,0,0,5055651,,0,0,0,0,0,0,0,0,0,0,0,0,0,99999,0,0
FRA,93,Paca,2020-02-22,0,0,0,5055651,,0,0,0,0,0,0,0,0,0,0,0,0,0,99999,0,0
FRA,93,Paca,2020-02-23,0,0,0,5055651,,0,0,0,0,0,0,0,0,0,0,0,0,0,99999,0,0
FRA,93,Paca,2020-02-24,0,0,0,5055651,0,0,0,0,0,0,0,0,0,0,0,0,0,0,99999,0,0
FRA,93,Paca,2020-02-25,0,0,0,5055651,0,0,0,0,0,0,0,0,0,0,0,0,0,0,99999,0,0
FRA,93,Paca,2020-02-26,0,0,0,5055651,0,0,0,0,0,0,0,0,0,0,0,0,0,0,99999,0,0
FRA,93,Paca,2020-02-27,1,1,1,5055651,0,0,0,0,0,0,0,0,0,0,0,0,0,0,99999,0,0
FRA,93,Paca,2020-02-28,1,4,4,5055651,4,0,0,0,0,0,0,0,0,0,0,0,0,0,99999,0,0
FRA,93,Paca,2020-02-29,2,,3,5055651,6,0,0,0,0,0,0,0,0,0,0,0,1,0,5000,0,0
FRA,93,Paca,2020-03-01,2,,4,5055651,8,0,0,0,0,0,0,0,0,0,0,0,1,0,5000,0,0
FRA,93,Paca,2020-03-02,2,9,9,5055651,10,0,0,0,0,0,0,0,0,0,0,0,1,0,5000,0,0
FRA,93,Paca,2020-03-03,3,10,10,5055651,16,0,0,0,0,0,0,0,0,0,0,0,1,0,5000,0,0
FRA,93,Paca,2020-03-04,4,13,13,5055651,22,0,0,0,0,0,0,0,0,0,0,0,1,0,5000,1,.4024148
FRA,93,Paca,2020-03-05,5,18,18,5055651,34,0,0,0,0,0,0,0,0,0,0,0,1,0,5000,1,.4024148
FRA,93,Paca,2020-03-06,6,26,26,5055651,56,0,0,0,0,0,0,0,0,0,0,0,1,0,5000,1,.4024148
FRA,93,Paca,2020-03-07,7,38,38,5055651,75,0,0,0,0,0,0,0,0,0,0,0,1,0,5000,1,.4024148
FRA,93,Paca,2020-03-08,9,52,52,5055651,100,0,0,0,0,0,0,0,0,0,0,0,1,0,1000,1,.614818
FRA,93,Paca,2020-03-09,11,72,72,5055651,135,0,0,0,0,0,0,0,0,0,0,0,1,0,1000,1,.614818
FRA,93,Paca,2020-03-10,67,89,89,5055651,157,0,0,0,0,0,0,0,0,0,0,0,1,0,1000,1,.614818
FRA,93,Paca,2020-03-11,17,111,111,5055651,200,0,0,0,0,0,0,0,.5,.5,0,0,1,0,1000,1,.614818
FRA,93,Paca,2020-03-12,22,147,147,5055651,220,0,0,0,0,0,0,0,.5,.5,0,0,1,0,1000,1,.614818
FRA,93,Paca,2020-03-13,27,212,212,5055651,277,0,0,0,0,0,0,0,.5,.5,0,0,1,0,100,1,.614818
FRA,93,Paca,2020-03-14,34,281,281,5055651,318,0,0,0,0,0,0,0,.5,.5,0,0,1,0,100,1,.614818
FRA,93,Paca,2020-03-15,42,330,330,5055651,357,0,0,0,0,0,0,0,.5,.5,0,1,1,1,100,1,.614818
FRA,93,Paca,2020-03-16,53,405,405,5055651,401,0,0,0,0,0,0,0,.5,.5,0,1,1,1,100,1,1
FRA,93,Paca,2020-03-17,66,478,478,5055651,459,1,1,.33000001,.3300000131,0,1,1,1,1,0,1,1,1,2,1,1
FRA,93,Paca,2020-03-18,82,574,574,5055651,515,1,1,.33000001,.3300000131,0,1,1,1,1,0,1,1,1,2,1,1
FRA,93,Paca,2020-03-19,102,693,693,5055651,585,1,1,.33000001,.3300000131,0,1,1,1,1,0,1,1,1,2,1,1
FRA,93,Paca,2020-03-20,127,826,826,5055651,667,1,1,.33000001,.3300000131,0,1,1,1,1,0,1,1,1,2,1,1
FRA,93,Paca,2020-03-21,158,1041,1041,5055651,759,1,1,.67000002,.883502887,0,1,1,1,1,0,1,1,1,2,1,1
FRA,93,Paca,2020-03-22,197,1372,1372,5055651,849,1,1,.67000002,.883502887,0,1,1,1,1,0,1,1,1,2,1,1
FRA,93,Paca,2020-03-23,246,1510,1510,5055651,994,1,1,1,1,0,1,1,1,1,0,1,1,1,2,1,1
FRA,93,Paca,2020-03-24,306,1595,1595,5055651,1112,1,1,1,1,0,1,1,1,1,0,1,1,1,2,1,1
FRA,93,Paca,2020-03-25,382,1927,1927,5055651,1251,1,1,1,1,0,1,1,1,1,0,1,1,1,2,1,1
FRA,93,Paca,2020-03-26,,,,5055651,1403,1,1,1,1,0,1,1,1,1,0,1,1,1,2,1,1
FRA,93,Paca,2020-03-27,,,,5055651,1607,1,1,1,1,0,1,1,1,1,0,1,1,1,2,1,1
FRA,93,Paca,2020-03-28,,,,5055651,1789,1,1,1,1,0,1,1,1,1,0,1,1,1,2,1,1
FRA,93,Paca,2020-03-29,,,,5055651,1941,1,1,1,1,0,1,1,1,1,0,1,1,1,2,1,1
FRA,93,Paca,2020-03-30,,,,5055651,2108,1,1,1,1,0,1,1,1,1,0,1,1,1,2,1,1
FRA,93,Paca,2020-03-31,,,,5055651,2244,1,1,1,1,0,1,1,1,1,0,1,1,1,2,1,1
FRA,93,Paca,2020-04-01,,,,5055651,2383,1,1,1,1,0,1,1,1,1,0,1,1,1,2,1,1
FRA,93,Paca,2020-04-02,,,,5055651,2513,1,1,1,1,0,1,1,1,1,0,1,1,1,2,1,1
FRA,93,Paca,2020-04-03,,,,5055651,2662,1,1,1,1,0,1,1,1,1,0,1,1,1,2,1,1
FRA,93,Paca,2020-04-04,,,,5055651,2764,1,1,1,1,0,1,1,1,1,0,1,1,1,2,1,1
FRA,93,Paca,2020-04-05,,,,5055651,2859,1,1,1,1,0,1,1,1,1,0,1,1,1,2,1,1
FRA,93,Paca,2020-04-06,,,,5055651,2968,1,1,1,1,0,1,1,1,1,0,1,1,1,2,1,1
FRA,94,Corse,2020-02-15,0,0,0,344679,,0,0,0,0,0,0,0,0,0,0,0,0,0,99999,0,0
FRA,94,Corse,2020-02-16,0,0,0,344679,,0,0,0,0,0,0,0,0,0,0,0,0,0,99999,0,0
FRA,94,Corse,2020-02-17,0,0,0,344679,,0,0,0,0,0,0,0,0,0,0,0,0,0,99999,0,0
FRA,94,Corse,2020-02-18,0,0,0,344679,,0,0,0,0,0,0,0,0,0,0,0,0,0,99999,0,0
FRA,94,Corse,2020-02-19,0,0,0,344679,,0,0,0,0,0,0,0,0,0,0,0,0,0,99999,0,0
FRA,94,Corse,2020-02-20,0,0,0,344679,,0,0,0,0,0,0,0,0,0,0,0,0,0,99999,0,0
FRA,94,Corse,2020-02-21,0,0,0,344679,,0,0,0,0,0,0,0,0,0,0,0,0,0,99999,0,0
FRA,94,Corse,2020-02-22,0,0,0,344679,,0,0,0,0,0,0,0,0,0,0,0,0,0,99999,0,0
FRA,94,Corse,2020-02-23,0,0,0,344679,,0,0,0,0,0,0,0,0,0,0,0,0,0,99999,0,0
FRA,94,Corse,2020-02-24,0,0,0,344679,0,0,0,0,0,0,0,0,0,0,0,0,0,0,99999,0,0
FRA,94,Corse,2020-02-25,0,0,0,344679,0,0,0,0,0,0,0,0,0,0,0,0,0,0,99999,0,0
FRA,94,Corse,2020-02-26,0,0,0,344679,0,0,0,0,0,0,0,0,0,0,0,0,0,0,99999,0,0
FRA,94,Corse,2020-02-27,0,0,0,344679,0,0,0,0,0,0,0,0,0,0,0,0,0,0,99999,0,0
FRA,94,Corse,2020-02-28,0,0,0,344679,0,0,0,0,0,0,0,0,0,0,0,0,0,0,99999,0,0
FRA,94,Corse,2020-02-29,,,0,344679,0,0,0,0,0,0,0,0,0,0,0,0,1,0,5000,0,0
FRA,94,Corse,2020-03-01,,,0,344679,3,0,0,0,0,0,0,0,0,0,0,0,1,0,5000,0,0
FRA,94,Corse,2020-03-02,0,0,0,344679,7,0,0,0,0,0,0,0,0,0,0,0,1,0,5000,0,0
FRA,94,Corse,2020-03-03,0,0,0,344679,17,0,0,0,0,0,0,0,0,0,0,0,1,0,5000,0,0
FRA,94,Corse,2020-03-04,0,0,0,344679,24,0,0,0,0,0,0,0,0,0,0,0,1,0,5000,0,0
FRA,94,Corse,2020-03-05,3,3,3,344679,31,0,0,0,0,0,0,0,0,0,0,0,1,0,5000,0,0
FRA,94,Corse,2020-03-06,3,3,3,344679,58,0,0,0,0,0,0,0,0,0,0,0,1,0,5000,0,0
FRA,94,Corse,2020-03-07,4,5,5,344679,79,0,0,0,0,0,0,0,0,0,0,0,1,0,5000,0,0
FRA,94,Corse,2020-03-08,4,5,5,344679,94,1,.4712239504,0,0,0,1,.4712239504,0,0,0,0,1,0,1000,1,.471224
FRA,94,Corse,2020-03-09,5,28,28,344679,107,1,.4712239504,0,0,0,1,.4712239504,0,0,0,0,1,0,1000,1,.471224
FRA,94,Corse,2020-03-10,5,42,42,344679,121,1,.4712239504,0,0,0,1,.4712239504,0,0,0,0,1,0,1000,1,.471224
FRA,94,Corse,2020-03-11,6,51,51,344679,140,1,.4712239504,0,0,0,1,.4712239504,.5,.5,0,0,1,0,1000,1,.471224
FRA,94,Corse,2020-03-12,6,64,64,344679,166,1,.4712239504,0,0,0,1,.4712239504,.5,.5,0,0,1,0,1000,1,.471224
FRA,94,Corse,2020-03-13,7,85,85,344679,204,1,.4712239504,0,0,0,1,.4712239504,.5,.5,0,0,1,0,100,1,.471224
FRA,94,Corse,2020-03-14,8,106,106,344679,224,1,.4712239504,0,0,0,1,.4712239504,.5,.5,0,0,1,0,100,1,.471224
FRA,94,Corse,2020-03-15,9,115,115,344679,259,1,.4712239504,0,0,0,1,.4712239504,.5,.5,0,1,1,1,100,1,.471224
FRA,94,Corse,2020-03-16,10,126,126,344679,294,1,.4712239504,0,0,0,1,.4712239504,.5,.5,0,1,1,1,100,1,1
FRA,94,Corse,2020-03-17,11,145,145,344679,327,1,1,.33000001,.3300000131,0,1,1,1,1,0,1,1,1,2,1,1
FRA,94,Corse,2020-03-18,12,152,152,344679,354,1,1,.33000001,.3300000131,0,1,1,1,1,0,1,1,1,2,1,1
FRA,94,Corse,2020-03-19,13,162,162,344679,393,1,1,.33000001,.3300000131,0,1,1,1,1,0,1,1,1,2,1,1
FRA,94,Corse,2020-03-20,15,168,168,344679,432,1,1,.33000001,.3300000131,0,1,1,1,1,0,1,1,1,2,1,1
FRA,94,Corse,2020-03-21,17,173,173,344679,456,1,1,.33000001,.3300000131,0,1,1,1,1,0,1,1,1,2,1,1
FRA,94,Corse,2020-03-22,19,183,183,344679,496,1,1,.33000001,.3300000131,0,1,1,1,1,0,1,1,1,2,1,1
FRA,94,Corse,2020-03-23,21,194,194,344679,587,1,1,1,1,0,1,1,1,1,0,1,1,1,2,1,1
FRA,94,Corse,2020-03-24,199,217,217,344679,682,1,1,1,1,0,1,1,1,1,0,1,1,1,2,1,1
FRA,94,Corse,2020-03-25,26,225,225,344679,729,1,1,1,1,0,1,1,1,1,0,1,1,1,2,1,1
FRA,94,Corse,2020-03-26,,,,344679,796,1,1,1,1,0,1,1,1,1,0,1,1,1,2,1,1
FRA,94,Corse,2020-03-27,,,,344679,864,1,1,1,1,0,1,1,1,1,0,1,1,1,2,1,1
FRA,94,Corse,2020-03-28,,,,344679,905,1,1,1,1,0,1,1,1,1,0,1,1,1,2,1,1
FRA,94,Corse,2020-03-29,,,,344679,949,1,1,1,1,0,1,1,1,1,0,1,1,1,2,1,1
FRA,94,Corse,2020-03-30,,,,344679,1002,1,1,1,1,0,1,1,1,1,0,1,1,1,2,1,1
FRA,94,Corse,2020-03-31,,,,344679,1042,1,1,1,1,0,1,1,1,1,0,1,1,1,2,1,1
FRA,94,Corse,2020-04-01,,,,344679,1089,1,1,1,1,0,1,1,1,1,0,1,1,1,2,1,1
FRA,94,Corse,2020-04-02,,,,344679,1132,1,1,1,1,0,1,1,1,1,0,1,1,1,2,1,1
FRA,94,Corse,2020-04-03,,,,344679,1160,1,1,1,1,0,1,1,1,1,0,1,1,1,2,1,1
FRA,94,Corse,2020-04-04,,,,344679,1165,1,1,1,1,0,1,1,1,1,0,1,1,1,2,1,1
FRA,94,Corse,2020-04-05,,,,344679,1179,1,1,1,1,0,1,1,1,1,0,1,1,1,2,1,1
FRA,94,Corse,2020-04-06,,,,344679,1199,1,1,1,1,0,1,1,1,1,0,1,1,1,2,1,1
